gesture_name,capture_number,handedness,score,0_x,0_y,0_z,1_x,1_y,1_z,2_x,2_y,2_z,3_x,3_y,3_z,4_x,4_y,4_z,5_x,5_y,5_z,6_x,6_y,6_z,7_x,7_y,7_z,8_x,8_y,8_z,9_x,9_y,9_z,10_x,10_y,10_z,11_x,11_y,11_z,12_x,12_y,12_z,13_x,13_y,13_z,14_x,14_y,14_z,15_x,15_y,15_z,16_x,16_y,16_z,17_x,17_y,17_z,18_x,18_y,18_z,19_x,19_y,19_z,20_x,20_y,20_z
pointing,0,1,0.998833716,0.797102809,0.793293476,-1.57E-07,0.761107266,0.765509605,-0.028293787,0.729248166,0.719554603,-0.05172468,0.727625787,0.69069165,-0.073599562,0.759201407,0.678026974,-0.094713315,0.762890279,0.56569922,-0.042999163,0.763629436,0.492744625,-0.076196931,0.765391111,0.43930909,-0.099215269,0.769796848,0.387714535,-0.116551466,0.810838163,0.550287724,-0.044741675,0.800080359,0.601568341,-0.082989953,0.778848648,0.678945422,-0.091748834,0.771532893,0.697798729,-0.091629848,0.849191844,0.579369724,-0.049665708,0.832142115,0.672313511,-0.081370987,0.806069911,0.731039107,-0.073071748,0.798554063,0.730437219,-0.062006041,0.87910831,0.629326224,-0.058332272,0.86059773,0.710289955,-0.081765801,0.835925162,0.754454136,-0.077783339,0.826020718,0.752210021,-0.069700114
pointing,1,1,0.99869889,0.797398984,0.783510327,-1.49E-07,0.760588109,0.755886316,-0.028977765,0.728355169,0.707663536,-0.05167865,0.728350401,0.676005185,-0.072588883,0.761649311,0.65923667,-0.092348129,0.760883927,0.552254736,-0.040832452,0.761100233,0.478145808,-0.072596356,0.762303114,0.425597012,-0.094678164,0.766306877,0.37302202,-0.111613721,0.808915615,0.536546469,-0.042413622,0.799864411,0.581017852,-0.080887251,0.779583335,0.658217788,-0.090884149,0.772248745,0.680375695,-0.091287814,0.847492814,0.564692557,-0.047241222,0.831579208,0.653413415,-0.080050521,0.806803107,0.71403563,-0.073329955,0.800143719,0.716010451,-0.062741168,0.878261387,0.612874866,-0.0556757,0.861093044,0.68928957,-0.079247192,0.837453544,0.734798133,-0.075779848,0.82790935,0.734026015,-0.068002209
pointing,2,1,0.999010682,0.796007276,0.782583952,-1.37E-07,0.759732425,0.754949927,-0.029639097,0.726836324,0.708334029,-0.053492971,0.723683894,0.677084565,-0.075659879,0.755576193,0.661304176,-0.096735016,0.759080768,0.551451385,-0.042503484,0.758663952,0.476480871,-0.075328693,0.760141194,0.423081487,-0.097829126,0.764505744,0.370564818,-0.114835501,0.806813657,0.534784257,-0.043998096,0.796568334,0.580346048,-0.082378663,0.776092768,0.656492174,-0.091706365,0.768825412,0.67524159,-0.091792434,0.845429957,0.563066065,-0.048800521,0.829128325,0.652860105,-0.081212282,0.803837419,0.712768197,-0.073584415,0.79684335,0.712659061,-0.062725142,0.875886798,0.612950027,-0.057398874,0.858468652,0.692330539,-0.080636837,0.83457458,0.737227917,-0.076657861,0.824992537,0.734963775,-0.06862887
pointing,3,1,0.998864114,0.754428923,0.748656809,-1.50E-07,0.712297976,0.728729367,-0.025696984,0.676950336,0.685822546,-0.047153901,0.677155793,0.653326452,-0.06740319,0.707591355,0.635768294,-0.086527981,0.706296921,0.521720529,-0.040022623,0.697259665,0.443071187,-0.067377508,0.691168666,0.385490894,-0.086965486,0.688356042,0.3326042,-0.102578931,0.75281328,0.505403221,-0.042570092,0.737289548,0.577382505,-0.072109878,0.724299669,0.639597356,-0.076945536,0.724408269,0.646720827,-0.077366956,0.79188019,0.537638664,-0.048050672,0.771774292,0.630059421,-0.069510527,0.755104959,0.675307989,-0.056522049,0.755819261,0.668381453,-0.046191994,0.825571775,0.589113533,-0.057787824,0.80270493,0.664705873,-0.072549403,0.784013391,0.703047752,-0.064044438,0.781791389,0.698902249,-0.054878779
pointing,4,1,0.997748852,0.735250354,0.733351231,-1.02E-08,0.693633437,0.713862121,-0.028375955,0.658041418,0.670805097,-0.049995337,0.655109406,0.634556353,-0.070303231,0.680779994,0.612464309,-0.089746617,0.681144893,0.50846535,-0.034160979,0.672998071,0.420677125,-0.062432453,0.667192459,0.365825713,-0.079220086,0.665186882,0.313336611,-0.090875246,0.725624442,0.507001877,-0.037993714,0.724438667,0.470564395,-0.078464285,0.710666537,0.557909548,-0.085736938,0.704636335,0.606592298,-0.080447309,0.764406919,0.533903122,-0.045320451,0.760312498,0.543321967,-0.082197905,0.741244912,0.627914488,-0.07291083,0.733415425,0.661721408,-0.05660858,0.798352361,0.578103781,-0.055378228,0.789061785,0.593903005,-0.076465741,0.771630108,0.652696252,-0.066870891,0.764988065,0.671455979,-0.05388229
pointing,5,1,0.992399096,0.714915395,0.758226454,-1.73E-08,0.671766102,0.733746648,-0.029831981,0.635663569,0.683112621,-0.050118625,0.634916425,0.63738817,-0.069246635,0.660427511,0.600556016,-0.086910605,0.658960938,0.522782624,-0.030825747,0.653197169,0.424225807,-0.059079874,0.650451183,0.365620285,-0.075818926,0.650031984,0.309045047,-0.087320864,0.70103538,0.519151866,-0.034131568,0.701723635,0.465392172,-0.078369513,0.689184129,0.548278213,-0.088836215,0.68113625,0.604165196,-0.084195457,0.738568068,0.540374875,-0.041178904,0.735718906,0.54511255,-0.082442686,0.720045686,0.63291955,-0.076427311,0.711621344,0.674064696,-0.060418475,0.771601379,0.578365743,-0.050954394,0.765857339,0.588667035,-0.075511076,0.749756932,0.650794148,-0.068280682,0.741782546,0.676069021,-0.05585489
pointing,6,1,0.995826483,0.714256108,0.778461933,3.75E-09,0.671860218,0.751945913,-0.029105848,0.635823607,0.69747752,-0.049697421,0.633708835,0.646467686,-0.069375619,0.663516283,0.618529439,-0.087437503,0.661504805,0.539714813,-0.030388698,0.656385541,0.438933492,-0.057545893,0.653869867,0.380496144,-0.072668284,0.654748619,0.325496078,-0.082804479,0.702636242,0.545765996,-0.034208432,0.705105066,0.478076607,-0.077535465,0.689869344,0.556625903,-0.086867802,0.680725574,0.615159929,-0.080938868,0.739235818,0.573674202,-0.041566741,0.735025525,0.566487432,-0.08141841,0.716939807,0.651523471,-0.074816652,0.708917975,0.69487983,-0.058050618,0.772001147,0.616733849,-0.051561467,0.764014006,0.613889396,-0.073400646,0.747247934,0.672796905,-0.064773954,0.740603805,0.700051904,-0.051668111
pointing,7,1,0.994988084,0.759174585,0.780585706,-1.68E-08,0.714400053,0.753073096,-0.025907302,0.67775321,0.698387086,-0.044792086,0.678491473,0.643688321,-0.063171096,0.708422005,0.615756571,-0.08031252,0.699185133,0.549129188,-0.027839992,0.687476039,0.455168754,-0.055321462,0.679546535,0.398417741,-0.071023121,0.675867796,0.344232738,-0.081490196,0.740984023,0.54860127,-0.033142075,0.742332816,0.472591907,-0.075051792,0.728552163,0.549952507,-0.084006429,0.721016049,0.608734965,-0.077802166,0.778608918,0.571517646,-0.041779574,0.776426911,0.562360466,-0.079268165,0.758837581,0.642927766,-0.072680794,0.751735151,0.683551967,-0.056519948,0.813160658,0.610694051,-0.052968208,0.805689573,0.612090111,-0.072027221,0.788527369,0.667089581,-0.063074477,0.781298816,0.691347659,-0.050478525
pointing,8,1,0.994646907,0.786055684,0.781493545,-3.00E-09,0.742906213,0.755039692,-0.028322274,0.708209455,0.694850802,-0.046441425,0.712818027,0.634840429,-0.063227206,0.742677629,0.598793864,-0.078579217,0.731642246,0.538873315,-0.027126221,0.725512326,0.443802297,-0.05233809,0.72242415,0.38747561,-0.066372983,0.721644104,0.333559513,-0.076181397,0.772131801,0.542996645,-0.030804511,0.779445231,0.465902686,-0.072933629,0.770599306,0.550961733,-0.08190728,0.764965415,0.609468937,-0.075769521,0.808636904,0.569392979,-0.037993271,0.813471437,0.552161992,-0.077676021,0.796301484,0.639874995,-0.072183497,0.787766099,0.680191338,-0.056340005,0.841108382,0.610008478,-0.047602382,0.840262651,0.600963891,-0.070514962,0.823850513,0.662597001,-0.063566819,0.815401196,0.688787341,-0.051852081
pointing,9,1,0.992813468,0.77976048,0.810630322,1.78E-08,0.737842798,0.768280864,-0.026053665,0.710931778,0.6915133,-0.042664401,0.728823364,0.633722961,-0.058395296,0.763109207,0.61162895,-0.073275641,0.749658465,0.556515753,-0.026994046,0.754506707,0.458988667,-0.050819293,0.759483218,0.400021434,-0.064901829,0.764719844,0.346730471,-0.0748422,0.789239228,0.575544536,-0.030942118,0.804542601,0.494987458,-0.069427289,0.789411008,0.563270807,-0.078717992,0.776221454,0.618519604,-0.074090473,0.82220304,0.614421666,-0.037868001,0.830180943,0.587014556,-0.07525146,0.80667907,0.66173929,-0.070654877,0.791710258,0.705113053,-0.056012779,0.849493325,0.666656435,-0.046831127,0.852993011,0.638856292,-0.068961471,0.831986606,0.688658118,-0.061656184,0.818804443,0.719901383,-0.049910542
pointing,10,1,0.987995207,0.788724065,0.803437769,4.65E-08,0.750407994,0.747495174,-0.027859652,0.734048843,0.66924578,-0.046177171,0.76091069,0.619141102,-0.063538909,0.79614228,0.599154592,-0.079909347,0.777827561,0.543948829,-0.029006295,0.791450143,0.448016584,-0.054984212,0.803808033,0.391253382,-0.0705994,0.816970408,0.339821965,-0.081139728,0.816278219,0.571654737,-0.032578204,0.83961302,0.496901304,-0.074505396,0.820822537,0.564254403,-0.085368834,0.803669453,0.620310009,-0.080799825,0.847188473,0.61639595,-0.039214641,0.861438692,0.589492559,-0.079622604,0.834552169,0.663535714,-0.075132705,0.815340459,0.709533215,-0.05930886,0.871408522,0.672879934,-0.047996141,0.880274892,0.648307621,-0.072500512,0.856477499,0.69540441,-0.065345831,0.83813405,0.727226794,-0.052676633
pointing,11,1,0.99362272,0.834252775,0.799356937,5.99E-08,0.790487885,0.753484607,-0.030637931,0.768246531,0.679032326,-0.050826807,0.796178877,0.628988385,-0.069174074,0.833795846,0.609718442,-0.086188518,0.801083565,0.543469131,-0.034021314,0.809898973,0.441287279,-0.061966304,0.820460498,0.381653726,-0.078174271,0.831090927,0.327972174,-0.089276016,0.84394294,0.564349592,-0.037311606,0.867576957,0.482181758,-0.081370436,0.854240239,0.559899688,-0.091719553,0.838494241,0.618093431,-0.086436324,0.879382193,0.605139136,-0.043866169,0.895075262,0.580462694,-0.086201094,0.874323785,0.662274718,-0.079865374,0.857472539,0.703934312,-0.062730499,0.908631921,0.658900499,-0.05270192,0.920159101,0.631861567,-0.077119492,0.900347173,0.685209334,-0.067716874,0.883539677,0.713796258,-0.053859454
pointing,12,1,0.996784508,0.875406682,0.783440769,6.57E-08,0.83332479,0.75751555,-0.033120308,0.803921342,0.699737787,-0.055521891,0.82496196,0.650225878,-0.075538673,0.858196616,0.615351439,-0.094343416,0.816204607,0.551407218,-0.038995516,0.810114026,0.451930165,-0.071109936,0.812105,0.391694725,-0.090481959,0.814314365,0.333894163,-0.103757039,0.862122238,0.549970984,-0.041400511,0.873761535,0.480610371,-0.087956443,0.873672247,0.574884355,-0.098294854,0.868366778,0.631581426,-0.093690142,0.902825475,0.573931754,-0.047514915,0.91630739,0.555049717,-0.092707545,0.906000018,0.650594831,-0.085157007,0.893531084,0.69328922,-0.067654379,0.938402951,0.613853872,-0.056220338,0.95017308,0.60286206,-0.085101292,0.935986519,0.667702556,-0.076839864,0.919252396,0.696065247,-0.063268475
pointing,13,1,0.997376025,0.885995626,0.739327908,4.11E-08,0.842930019,0.72995311,-0.034006953,0.805833817,0.687749207,-0.05764797,0.817661822,0.634284377,-0.078709669,0.847144246,0.59234035,-0.098402232,0.80061233,0.524350226,-0.039005425,0.781862438,0.430354536,-0.069254868,0.774796009,0.373164296,-0.086572424,0.769690514,0.319254637,-0.098366529,0.845299482,0.508973777,-0.040697824,0.850503564,0.449579328,-0.085019633,0.859106183,0.548292816,-0.092711709,0.859839678,0.602768421,-0.086619347,0.88735497,0.519604325,-0.046402957,0.898780346,0.503894389,-0.089567214,0.897687495,0.600448251,-0.080983765,0.891287446,0.640639067,-0.063461423,0.926347017,0.547030628,-0.054823745,0.934103012,0.537741482,-0.08171656,0.928038716,0.607206583,-0.072722338,0.917849839,0.636191249,-0.059027404
pointing,14,1,0.996243894,0.865956128,0.713452578,3.37E-08,0.820258498,0.713578999,-0.030733246,0.779571056,0.677725077,-0.051333781,0.784750104,0.627650261,-0.069583148,0.809494138,0.585986137,-0.086911678,0.77174145,0.51997745,-0.035591975,0.745260119,0.432792723,-0.063539445,0.731652141,0.379169762,-0.078685328,0.721424341,0.327525437,-0.088922635,0.813866198,0.497854829,-0.038418956,0.810003161,0.43091765,-0.0801237,0.817942023,0.521595716,-0.086574562,0.820241332,0.57069844,-0.079581022,0.854975641,0.503670394,-0.04499568,0.861818492,0.487545878,-0.085124627,0.862931073,0.579418898,-0.076847002,0.859944761,0.612717628,-0.059963562,0.894369304,0.526258707,-0.054039903,0.894976199,0.523607373,-0.077057995,0.892761886,0.589958012,-0.06742876,0.888637841,0.610321164,-0.054109763
pointing,15,1,0.996196866,0.850202143,0.720379293,-2.57E-09,0.802209318,0.718209922,-0.032467362,0.760648012,0.677674294,-0.05297897,0.765219271,0.623902977,-0.071057253,0.789972901,0.576215208,-0.087616906,0.758411884,0.525312424,-0.033422899,0.7357198,0.436745167,-0.061888184,0.721384823,0.386204332,-0.076919854,0.710046232,0.333824396,-0.087421678,0.799129605,0.504873931,-0.035724901,0.79169637,0.433756441,-0.080492072,0.79971242,0.527548432,-0.088362843,0.805767834,0.58004719,-0.081417263,0.839483798,0.509994209,-0.042119324,0.840833545,0.492135108,-0.085179456,0.842053533,0.591331184,-0.07711193,0.841832399,0.625732839,-0.059366796,0.879362106,0.529661953,-0.051196229,0.876997113,0.524707258,-0.07708203,0.873575985,0.598271847,-0.068836771,0.869899631,0.621705532,-0.056051698
pointing,16,1,0.995215297,0.814063311,0.737633705,-7.19E-09,0.766430259,0.715805471,-0.029759221,0.727280438,0.662098885,-0.049770359,0.729059577,0.606768906,-0.068434723,0.758734465,0.569911122,-0.085779972,0.746102571,0.510611534,-0.029984925,0.732740343,0.415111393,-0.057572771,0.723525524,0.357730329,-0.073236749,0.718094647,0.301124752,-0.084317558,0.786855519,0.509334028,-0.033650991,0.784143388,0.431417108,-0.077734821,0.778401136,0.521065772,-0.08673171,0.777563632,0.580854297,-0.080894701,0.825352252,0.52948004,-0.041056968,0.822475374,0.49893713,-0.083181642,0.812559187,0.593580186,-0.074860014,0.810169578,0.637640893,-0.056895107,0.862440407,0.563108742,-0.050966688,0.855616987,0.537527502,-0.075363554,0.843257308,0.605067194,-0.065724805,0.838239193,0.635411501,-0.052031446
pointing,17,1,0.993273258,0.795345902,0.737700224,-6.89E-09,0.750707984,0.707854748,-0.0290056,0.715911508,0.647099197,-0.049166735,0.714825511,0.58938998,-0.068666682,0.74796766,0.560453117,-0.08667624,0.749027312,0.491740048,-0.028436769,0.744871318,0.395193011,-0.056337368,0.742174268,0.337473273,-0.072476424,0.74430865,0.282037735,-0.083406515,0.789526939,0.499188542,-0.032639388,0.79477334,0.427425861,-0.076898001,0.778053701,0.507982731,-0.086489379,0.770748377,0.566471338,-0.080392689,0.825218439,0.528217554,-0.040677421,0.821412385,0.515994072,-0.081230558,0.799663723,0.600703418,-0.075356983,0.793037355,0.64268893,-0.058835082,0.85707283,0.571814239,-0.051433861,0.849558711,0.564221501,-0.073544055,0.828344703,0.622218251,-0.065792806,0.820248663,0.650126815,-0.053403787
pointing,18,1,0.993811846,0.795780301,0.739248574,-2.65E-08,0.754201353,0.702121973,-0.029827019,0.721135378,0.636416078,-0.051088665,0.723012924,0.576613843,-0.071391873,0.759374619,0.552344739,-0.090015963,0.76368928,0.487115175,-0.029813997,0.76570791,0.389375061,-0.057444718,0.767843485,0.331368566,-0.073429652,0.773866355,0.277842224,-0.084398568,0.804386079,0.499610364,-0.032934047,0.810497463,0.43595776,-0.076223649,0.7899248,0.512018502,-0.085345581,0.77834022,0.570257664,-0.079505548,0.839100957,0.533221781,-0.039971735,0.83200562,0.527481079,-0.079883009,0.807592094,0.607308328,-0.073346294,0.798536777,0.649304926,-0.05690518,0.869766831,0.58101064,-0.049784772,0.859958351,0.573338807,-0.071683675,0.836807013,0.628272474,-0.063656129,0.827374399,0.656758606,-0.051299699
pointing,19,1,0.989094913,0.799170494,0.741739988,-6.23E-08,0.759309828,0.689864755,-0.025402131,0.734018087,0.612020135,-0.043530531,0.741325855,0.553579986,-0.061761178,0.776452184,0.537147582,-0.078964062,0.793405473,0.479869574,-0.02353882,0.802801728,0.385760486,-0.048924875,0.810197055,0.32916373,-0.064410344,0.820663095,0.278543532,-0.075105928,0.830569804,0.504678547,-0.028422974,0.840625405,0.438862562,-0.0697129,0.812603474,0.507342398,-0.0791789,0.794546902,0.565239668,-0.073789738,0.860378027,0.548257709,-0.036863476,0.853733301,0.527452588,-0.075837024,0.821262062,0.600404322,-0.070620507,0.806206226,0.647421539,-0.054828633,0.885305405,0.604919136,-0.047563739,0.875943244,0.583164394,-0.070160538,0.846294045,0.630797088,-0.063077122,0.831336915,0.66357547,-0.050995335
pointing,20,1,0.989536285,0.789062202,0.746846318,-9.71E-09,0.750811279,0.6892941,-0.029190326,0.727712512,0.609865069,-0.04989386,0.735870242,0.553658724,-0.070162401,0.772591412,0.542511821,-0.089020088,0.790202796,0.486230969,-0.028947847,0.805442691,0.389134109,-0.056345079,0.815895915,0.332310855,-0.0725374,0.829707265,0.281091303,-0.083668172,0.825758994,0.517125845,-0.032960661,0.84009701,0.445450097,-0.077467836,0.809948087,0.508671045,-0.087785184,0.789668977,0.56472975,-0.082325026,0.853919864,0.564701021,-0.040756483,0.849201679,0.541670978,-0.082963124,0.815685868,0.611100674,-0.078025647,0.799460351,0.655713916,-0.061568983,0.876810133,0.623055458,-0.051048119,0.872946918,0.59507525,-0.0758195,0.842691422,0.639651775,-0.06872917,0.826109052,0.670625329,-0.056222338
pointing,21,1,0.988010049,0.791011453,0.714702427,-1.51E-08,0.752522945,0.662169456,-0.026803846,0.726103187,0.585020185,-0.046036053,0.736656189,0.534694374,-0.064854659,0.771378696,0.526083529,-0.08243636,0.786879778,0.450478971,-0.028442448,0.804703116,0.354350179,-0.053617969,0.817315757,0.299547583,-0.06793955,0.831069648,0.250402153,-0.0778099,0.826119483,0.478635877,-0.032222543,0.839765787,0.423664838,-0.073386319,0.811275065,0.487806886,-0.082620338,0.789665878,0.538409054,-0.077488989,0.856408,0.52472353,-0.039367441,0.851284564,0.521470308,-0.077465586,0.82004565,0.588241875,-0.072739579,0.802335143,0.62631917,-0.058009341,0.880701184,0.583627343,-0.048872016,0.873899758,0.574263036,-0.070622213,0.845065415,0.619063079,-0.063938908,0.827675581,0.644391656,-0.052487813
pointing,22,1,0.990368843,0.794699252,0.692367852,-3.02E-08,0.754157364,0.642247915,-0.029727081,0.72613883,0.569471419,-0.050988149,0.735087395,0.521195054,-0.071537897,0.770617723,0.504737198,-0.090802193,0.784477949,0.421299279,-0.030411994,0.799407542,0.325362921,-0.05877237,0.810418487,0.269942731,-0.076044157,0.824464262,0.216934055,-0.088082992,0.825266182,0.44525516,-0.034254164,0.837055802,0.390272677,-0.078162469,0.807973683,0.461459666,-0.088713571,0.788140893,0.512926698,-0.084323287,0.857278168,0.489713013,-0.041954897,0.852294087,0.487859756,-0.082425952,0.819270492,0.561903417,-0.076984167,0.802048087,0.599543154,-0.061641145,0.882912397,0.547344625,-0.052430537,0.874532878,0.543423295,-0.07548786,0.84452033,0.593729436,-0.068036072,0.828208089,0.617599666,-0.056033466
pointing,23,1,0.992598653,0.789809048,0.670742929,-5.56E-08,0.747037113,0.62821579,-0.030684905,0.713713586,0.56192559,-0.052766759,0.723328054,0.520248711,-0.073605105,0.758035362,0.497409552,-0.092566006,0.760479569,0.403339088,-0.035631929,0.766610861,0.304218292,-0.066236474,0.772043765,0.247636735,-0.084209003,0.781774104,0.192905366,-0.096742548,0.806448519,0.410557032,-0.039024018,0.811656833,0.371543109,-0.085203171,0.787159801,0.450470656,-0.096075594,0.772479057,0.501825154,-0.091680162,0.84298569,0.445239455,-0.046251368,0.832235217,0.475601882,-0.086457573,0.804177403,0.551687896,-0.081129424,0.791347861,0.58214438,-0.066467568,0.871964633,0.496540844,-0.056754731,0.858382225,0.530156493,-0.079247981,0.831960499,0.581138849,-0.073592432,0.818589389,0.59531939,-0.063140802
pointing,24,1,0.995574713,0.792068422,0.687796593,-6.64E-08,0.746674001,0.653833449,-0.031216415,0.711145878,0.592503965,-0.052627992,0.723198771,0.552097082,-0.072372094,0.757855296,0.529704154,-0.090165041,0.743581533,0.438932687,-0.03674636,0.737563074,0.340566695,-0.069119446,0.734045208,0.284827232,-0.087843113,0.737066805,0.225602493,-0.101206116,0.7908656,0.431698501,-0.03978074,0.796028972,0.388611436,-0.087042958,0.776869297,0.477241397,-0.096938364,0.768173099,0.526100934,-0.091605917,0.829625905,0.45490396,-0.046839423,0.823728383,0.491283536,-0.086398363,0.798657358,0.571948409,-0.079527684,0.790163338,0.594070673,-0.064307682,0.861724913,0.497166932,-0.05754843,0.851318061,0.543438077,-0.078981996,0.827744424,0.598352969,-0.073100731,0.817425132,0.605081975,-0.063077033
pointing,25,1,0.996422172,0.79327476,0.714381993,-6.86E-08,0.749630809,0.690359473,-0.030847827,0.712677658,0.640506983,-0.052634146,0.717120767,0.590497315,-0.07312344,0.751342177,0.558794856,-0.091428936,0.73482126,0.481961936,-0.033917114,0.721452534,0.387038291,-0.066922478,0.711375594,0.331266522,-0.0858289,0.707917809,0.274013162,-0.099186309,0.779955029,0.466419399,-0.036810711,0.779617012,0.425812662,-0.084280767,0.767781436,0.516868651,-0.09361472,0.764420271,0.57150948,-0.087868534,0.819418669,0.482117474,-0.044167086,0.813812137,0.519851446,-0.083111703,0.796505928,0.600402415,-0.075759947,0.792015851,0.625160098,-0.060431473,0.853821814,0.517753184,-0.055342529,0.845086277,0.570936322,-0.076183192,0.825507402,0.626780331,-0.071304202,0.81671375,0.635323346,-0.062252931
pointing,26,1,0.994585216,0.790538728,0.764331102,-1.32E-08,0.747631788,0.73652631,-0.029338075,0.712720096,0.681302249,-0.05012913,0.714066684,0.627025247,-0.069551028,0.746205986,0.597074687,-0.087650903,0.736586571,0.53595227,-0.032041937,0.724744141,0.44127658,-0.06127448,0.715679169,0.385398448,-0.077536471,0.711062014,0.330478102,-0.088741533,0.778496325,0.537121475,-0.036123049,0.782853425,0.461292177,-0.080664307,0.771375299,0.547567606,-0.089707695,0.764985085,0.604733884,-0.083752573,0.815871477,0.562950611,-0.043835107,0.816615641,0.545203328,-0.085535929,0.798037052,0.631643832,-0.078561977,0.78993547,0.67013365,-0.061786402,0.848889232,0.603842735,-0.054051243,0.844993472,0.594534218,-0.07854943,0.826159,0.656446576,-0.070536949,0.815798342,0.683451891,-0.058079436
pointing,27,1,0.99435842,0.798811436,0.827823043,-4.87E-08,0.757660389,0.789360464,-0.027144102,0.727292299,0.725503683,-0.045757569,0.735903978,0.674344122,-0.063171551,0.768430233,0.651350677,-0.079563953,0.764431238,0.58146888,-0.028027313,0.762439191,0.488368124,-0.052589867,0.761878014,0.435052931,-0.066508628,0.762905419,0.384998858,-0.076215766,0.805415988,0.597792804,-0.032410283,0.814519823,0.52477479,-0.071566798,0.798485935,0.607422173,-0.079011679,0.787156582,0.666332543,-0.072640069,0.840178967,0.636491597,-0.040164113,0.84402597,0.613071561,-0.078550547,0.821375906,0.693296075,-0.072206981,0.80982995,0.735839367,-0.056136124,0.869220257,0.688286602,-0.050004829,0.868199885,0.668390036,-0.072875001,0.847217083,0.723449826,-0.06451685,0.835896134,0.752574444,-0.051772442
pointing,28,1,0.994298041,0.807318151,0.841430187,1.76E-08,0.768710613,0.800453246,-0.032108925,0.739792228,0.740329206,-0.055031501,0.748727798,0.688070893,-0.076526523,0.784118593,0.660024226,-0.096489213,0.774703979,0.597708523,-0.031026021,0.776398182,0.504180431,-0.058817133,0.777983129,0.447428167,-0.074498132,0.783455312,0.394653976,-0.085389324,0.814674079,0.61112684,-0.03355157,0.823744237,0.539176881,-0.074733116,0.80738616,0.625544429,-0.082226448,0.799260318,0.678894341,-0.07624992,0.849599123,0.646133006,-0.040201247,0.855546951,0.605545342,-0.081435353,0.832990587,0.693262815,-0.072673112,0.822775424,0.73904866,-0.054654703,0.879857004,0.695444703,-0.049499948,0.881135762,0.662858725,-0.075816922,0.859342277,0.719380677,-0.067486048,0.847858906,0.750983834,-0.054190762
pointing,29,1,0.994427919,0.809316754,0.819693983,-4.54E-09,0.769484878,0.779851854,-0.029917935,0.740442693,0.719013929,-0.051533166,0.750417113,0.667351007,-0.072102666,0.783337235,0.640959978,-0.091312557,0.774833918,0.572596133,-0.028471187,0.77573669,0.481824219,-0.054757658,0.77667892,0.424340785,-0.06957943,0.780344844,0.372525156,-0.079941787,0.814256132,0.586526453,-0.03155487,0.821369171,0.514918625,-0.069455102,0.807851672,0.60508275,-0.074556328,0.802215874,0.657782614,-0.067567743,0.84949249,0.621069372,-0.038831338,0.853703022,0.579155087,-0.076486237,0.834415674,0.665391684,-0.06603694,0.826398373,0.708070219,-0.047908731,0.88070935,0.669713676,-0.048743643,0.882590294,0.62831378,-0.071159527,0.862843156,0.682346404,-0.060801942,0.85282582,0.712110817,-0.047032367
pointing,30,1,0.995718181,0.803070664,0.754508734,-2.95E-08,0.760236204,0.725369692,-0.028110966,0.722960532,0.669094026,-0.047130954,0.724310994,0.61200732,-0.065188132,0.754980981,0.580393195,-0.081979208,0.748085737,0.518132627,-0.024807056,0.740494549,0.426891267,-0.048197087,0.736352205,0.371296465,-0.06107254,0.735490739,0.320814013,-0.070294932,0.787107646,0.523024857,-0.027653171,0.78598398,0.453838587,-0.063622884,0.778728724,0.542790174,-0.068051979,0.777760506,0.597279012,-0.060832791,0.823526025,0.548968673,-0.034620464,0.821722865,0.506406188,-0.071441591,0.809432209,0.595490813,-0.061845221,0.806532443,0.63983655,-0.044297166,0.85802573,0.590123475,-0.043942928,0.853695393,0.5474509,-0.066572137,0.83946538,0.606033504,-0.057321411,0.834457695,0.637773573,-0.044297386
pointing,31,1,0.994864285,0.797995567,0.724058092,-3.83E-08,0.754167795,0.702211976,-0.028838789,0.715236604,0.644884169,-0.048066005,0.715891421,0.584941208,-0.066379204,0.749350905,0.555160522,-0.083312765,0.741994143,0.48821649,-0.02631638,0.73573035,0.392831087,-0.05220535,0.732616067,0.334932894,-0.066457175,0.733108342,0.281092227,-0.076717384,0.78110218,0.48974371,-0.029572021,0.780327618,0.424274534,-0.070197321,0.770859301,0.514932394,-0.076475605,0.767976642,0.568731487,-0.069703534,0.817112327,0.512099981,-0.037054963,0.814414859,0.487909764,-0.07634481,0.801440358,0.578426719,-0.067620412,0.798353314,0.617419124,-0.050448667,0.851061881,0.548544466,-0.047254667,0.844592392,0.53066355,-0.070272595,0.82983166,0.592830658,-0.06215008,0.825125635,0.617546797,-0.050127886
pointing,32,1,0.994803727,0.797233224,0.707404852,-7.18E-08,0.753489912,0.679400861,-0.026203813,0.717814028,0.617214501,-0.043606143,0.720248699,0.56083262,-0.060449209,0.753350198,0.533915222,-0.076036043,0.750700235,0.465884358,-0.024008211,0.748718202,0.374915272,-0.049779512,0.749188066,0.31850487,-0.06542556,0.752942681,0.264940798,-0.07686267,0.790471494,0.470246434,-0.027970996,0.790857315,0.417836159,-0.068534836,0.777376413,0.504272878,-0.076450609,0.772508323,0.557728946,-0.071233399,0.826141596,0.495220661,-0.035955489,0.821017265,0.488260686,-0.073188812,0.803487837,0.570910156,-0.065816909,0.799277127,0.605316222,-0.050431997,0.858958781,0.533915699,-0.046668138,0.850095928,0.527381837,-0.067277454,0.83159858,0.585054815,-0.05959098,0.826571763,0.607089221,-0.048525538
pointing,33,1,0.994950294,0.801045895,0.720851302,-4.89E-08,0.756906331,0.690903604,-0.028700871,0.721267581,0.632142186,-0.048761923,0.72380513,0.576295793,-0.068042114,0.758970499,0.549520671,-0.085855596,0.753260732,0.481749088,-0.027006345,0.750352204,0.387732089,-0.054181188,0.749214172,0.330691636,-0.070281215,0.752273023,0.275828391,-0.081976727,0.793872595,0.484840214,-0.030640729,0.794353902,0.431859612,-0.072625764,0.781344891,0.517642319,-0.080877379,0.776522398,0.569965422,-0.075605221,0.830390096,0.509888291,-0.038435768,0.825716913,0.503158748,-0.076627478,0.808464825,0.585204124,-0.068725742,0.803870976,0.618707895,-0.052784212,0.863775015,0.549399316,-0.049226217,0.855285704,0.544646323,-0.070236571,0.837558091,0.601847529,-0.062058575,0.832364202,0.623359561,-0.050443236
pointing,34,1,0.996883869,0.805902719,0.728531539,-5.41E-08,0.762433112,0.696835577,-0.026556034,0.728910446,0.63041997,-0.044382975,0.734796882,0.576870441,-0.061163832,0.769101441,0.559427917,-0.077108406,0.76500082,0.483402014,-0.027319437,0.764327526,0.39235872,-0.052322004,0.765656829,0.334861457,-0.067405991,0.769043803,0.282449067,-0.07849773,0.80656302,0.499258012,-0.031716719,0.809713364,0.4413701,-0.070712529,0.794213355,0.530200124,-0.076526158,0.788274527,0.585686445,-0.07004495,0.842912972,0.53572619,-0.039993741,0.840798736,0.516634643,-0.076581612,0.820194125,0.596508503,-0.067657299,0.814258993,0.62811017,-0.05140214,0.875246525,0.583638668,-0.050737154,0.870311916,0.558672428,-0.070543751,0.850333154,0.613869786,-0.060199663,0.843644619,0.635250211,-0.04750498
pointing,35,1,0.99752295,0.817983747,0.745183229,-6.87E-08,0.776346684,0.70617795,-0.027979264,0.743612587,0.641373456,-0.048015736,0.745587885,0.590950131,-0.067253232,0.781159878,0.574459612,-0.085012138,0.787791014,0.493055999,-0.026511068,0.792162061,0.405332804,-0.052460123,0.793964267,0.348733902,-0.067618757,0.799373329,0.296549082,-0.078789212,0.828748763,0.505686939,-0.029983822,0.82885617,0.464339852,-0.067231931,0.808562934,0.549485743,-0.072241701,0.802787423,0.596087575,-0.066169612,0.863714695,0.542779028,-0.037778668,0.856698036,0.536608219,-0.072672218,0.833134592,0.61207056,-0.062434494,0.829397142,0.638901949,-0.046244789,0.893890858,0.59494549,-0.048542753,0.883997738,0.584231377,-0.067624688,0.861315548,0.635308146,-0.057508856,0.856324375,0.65405935,-0.045131009
pointing,36,1,0.997108698,0.836495221,0.774218798,-9.55E-08,0.794489026,0.735438466,-0.028555227,0.761098444,0.666479111,-0.048617858,0.765196204,0.618835926,-0.067635238,0.803658307,0.605395794,-0.085269131,0.808894277,0.520684063,-0.030426387,0.815971196,0.429817438,-0.058408491,0.819615662,0.375048995,-0.075161457,0.827100754,0.320833415,-0.087940425,0.852686644,0.531044066,-0.033904701,0.852032781,0.500791669,-0.073795184,0.830479085,0.588330209,-0.080162108,0.824053288,0.629948854,-0.075470001,0.888940632,0.567871034,-0.041636121,0.880285025,0.573982239,-0.07853514,0.854566097,0.65041095,-0.068890169,0.849269629,0.671754241,-0.053516567,0.919601798,0.619439542,-0.052473638,0.908620059,0.621162057,-0.074359775,0.882768154,0.673181117,-0.065900289,0.874615431,0.687453747,-0.054627128
pointing,37,1,0.998728395,0.796649158,0.796332836,-2.83E-08,0.758766115,0.761096776,-0.033138223,0.729102731,0.700621367,-0.057669505,0.740601242,0.661318243,-0.079984821,0.777270734,0.645142913,-0.100796402,0.774066329,0.552131295,-0.038405318,0.784056246,0.466507137,-0.070213258,0.793978572,0.410247028,-0.08923126,0.805765092,0.358804166,-0.102904133,0.817731798,0.566481292,-0.039994251,0.825084031,0.541721106,-0.081239298,0.802350938,0.632817566,-0.085490257,0.792370677,0.668074489,-0.079191998,0.852244735,0.60653466,-0.046279754,0.852740586,0.617623568,-0.08335457,0.825772166,0.691257954,-0.070622541,0.816088021,0.704679608,-0.053751942,0.879360437,0.661420584,-0.056161676,0.872904658,0.67471844,-0.079305366,0.849123716,0.723888278,-0.070300646,0.839927197,0.72787267,-0.058603581
pointing,38,1,0.998288453,0.785977006,0.796882749,-8.02E-08,0.744254112,0.765545368,-0.030574765,0.709695697,0.7095837,-0.05232732,0.716483772,0.672593713,-0.072173335,0.750942469,0.649364412,-0.090223111,0.744418442,0.551921844,-0.034122337,0.748827875,0.468209982,-0.06356547,0.753432572,0.416231692,-0.08175727,0.760401249,0.362500995,-0.095419668,0.788837254,0.550135791,-0.036022659,0.79029876,0.536668241,-0.075930171,0.773225546,0.62438488,-0.083298743,0.76610291,0.65890348,-0.079560608,0.82582587,0.577741146,-0.042162344,0.819271624,0.612728775,-0.077208534,0.798145294,0.689166188,-0.068465367,0.792173028,0.698889256,-0.054618999,0.857651114,0.621593773,-0.051848128,0.845332086,0.660378814,-0.072485007,0.824686646,0.714622736,-0.06601046,0.817321599,0.71574682,-0.056564458
pointing,39,1,0.997046411,0.786181986,0.785327911,-6.05E-08,0.743607402,0.762516856,-0.030478848,0.704612195,0.715770781,-0.051937178,0.703757048,0.669408619,-0.071991846,0.737608254,0.640510261,-0.090172485,0.726339877,0.55454731,-0.031681675,0.719348967,0.464551926,-0.06030247,0.713856041,0.413012981,-0.077011965,0.712484956,0.359181941,-0.089472122,0.768612444,0.544399619,-0.0342585,0.768567979,0.51181978,-0.076416329,0.758875608,0.601590335,-0.084444232,0.755363345,0.645417869,-0.079759903,0.806986749,0.561405301,-0.041127764,0.804423809,0.584029675,-0.077989072,0.788598418,0.665373325,-0.070602998,0.782725155,0.685857356,-0.05637775,0.84194392,0.59534049,-0.051481623,0.835698426,0.625732481,-0.072378941,0.818057835,0.683695734,-0.066484503,0.809604168,0.693906903,-0.057026654
pointing,40,1,0.997884989,0.792233229,0.766656935,-7.02E-08,0.748351753,0.75290668,-0.032956004,0.705783725,0.714653134,-0.055177212,0.698552847,0.666652262,-0.075621128,0.730172575,0.630427897,-0.093873143,0.714547753,0.551355481,-0.032214582,0.697157681,0.468549848,-0.062748477,0.684127212,0.41990757,-0.080582663,0.676852345,0.367420793,-0.093704402,0.75611347,0.525759757,-0.033763662,0.751978099,0.494628608,-0.077969,0.749749422,0.588511646,-0.086610958,0.751296222,0.638113141,-0.081589349,0.795811415,0.532178044,-0.040049549,0.792948961,0.557232261,-0.078955241,0.783377707,0.643670678,-0.072378635,0.780638337,0.670290112,-0.057866126,0.832582712,0.559021592,-0.050056867,0.827940881,0.602755547,-0.07301572,0.81493628,0.663092256,-0.069344878,0.80881983,0.6745013,-0.060937647
pointing,41,1,0.998006582,0.803342938,0.772783816,-3.32E-08,0.759723008,0.761476219,-0.032250427,0.716257572,0.723267674,-0.054143772,0.710122645,0.67539227,-0.074390315,0.741841853,0.638267398,-0.092973776,0.725446582,0.563212216,-0.029277505,0.713505089,0.483526051,-0.056955572,0.70333606,0.436971724,-0.07246542,0.696816683,0.388387084,-0.083842561,0.766311288,0.544497132,-0.031450026,0.761266649,0.49731642,-0.072258413,0.761496663,0.594660282,-0.077988222,0.764319301,0.639565825,-0.071055435,0.806364238,0.551661849,-0.038532533,0.804638028,0.548907757,-0.077169374,0.798664629,0.640916348,-0.068062641,0.797255158,0.665601432,-0.051357605,0.845073223,0.574910283,-0.048844632,0.839811325,0.575425625,-0.070697412,0.83144021,0.639978468,-0.062320717,0.829099298,0.653598785,-0.050619248
pointing,42,1,0.998265028,0.810486197,0.762566388,-4.48E-08,0.76791209,0.750760257,-0.032137554,0.726462603,0.71012485,-0.053733915,0.720411062,0.661783159,-0.073551446,0.745653272,0.618371069,-0.091637313,0.73846221,0.548823535,-0.029394653,0.727337182,0.469778866,-0.056560323,0.719275475,0.419953883,-0.071967162,0.714409351,0.372600377,-0.082843006,0.779378474,0.536786377,-0.031260081,0.776156127,0.497242451,-0.07107807,0.775109828,0.595715702,-0.076316714,0.776785433,0.642127216,-0.069437079,0.819200277,0.549185812,-0.038016979,0.817588925,0.540528893,-0.077227421,0.810803235,0.632950068,-0.067369178,0.809036136,0.660279751,-0.050092306,0.857456684,0.576059341,-0.047763743,0.853264749,0.563958108,-0.071244411,0.843601823,0.629097462,-0.061933734,0.840156436,0.647553623,-0.049073558
pointing,43,1,0.998516262,0.810004592,0.764457166,-7.21E-08,0.769034266,0.748209,-0.032033391,0.729328394,0.69904542,-0.054602422,0.72737515,0.648905933,-0.075245634,0.761897981,0.614911437,-0.094411984,0.748865128,0.538480759,-0.033920996,0.743944526,0.452681631,-0.06444142,0.740502298,0.400431573,-0.082906179,0.740568876,0.347584069,-0.096368335,0.792425632,0.525499821,-0.035403792,0.790594161,0.502355635,-0.077102721,0.784220457,0.598363757,-0.083796144,0.783061624,0.63987416,-0.078775868,0.832679868,0.541543663,-0.041522644,0.829257727,0.560500264,-0.079562284,0.816032052,0.646386623,-0.069951288,0.811947346,0.666400373,-0.054312605,0.869463623,0.574189544,-0.051020015,0.862331033,0.593997836,-0.073612235,0.849101961,0.656129479,-0.065831639,0.845654666,0.66716969,-0.054742835
pointing,44,1,0.998188257,0.812059462,0.779251814,-5.16E-08,0.772605121,0.75280416,-0.033359863,0.738762856,0.6978122,-0.057275392,0.743798614,0.651889265,-0.079172648,0.779751182,0.625119746,-0.099569015,0.769240737,0.536443412,-0.036685143,0.773887575,0.448678076,-0.067812324,0.77951014,0.393683255,-0.086662672,0.789162993,0.340802491,-0.100170285,0.814918101,0.53462255,-0.03765098,0.817946732,0.51881212,-0.079330541,0.802566707,0.613933146,-0.085821725,0.796358049,0.653922617,-0.080904581,0.854473412,0.562532663,-0.043211021,0.853880465,0.583902597,-0.08120463,0.831752717,0.665416718,-0.071630098,0.822413981,0.684795737,-0.056350268,0.888272047,0.60681802,-0.052276097,0.883400738,0.634081006,-0.075831011,0.862183392,0.690039933,-0.068955995,0.852385104,0.698480546,-0.058363382
pointing,45,1,0.998545527,0.805562794,0.799650431,-7.19E-08,0.766686201,0.769007325,-0.032573517,0.735316515,0.709139884,-0.055074569,0.74565345,0.666549027,-0.075309299,0.781701148,0.644193947,-0.093936451,0.773402929,0.552181304,-0.037652843,0.782478571,0.465030015,-0.06896551,0.790319443,0.410757273,-0.088390961,0.801491559,0.357631832,-0.102720335,0.819910347,0.552894473,-0.038545009,0.822469532,0.544892907,-0.080742709,0.803040981,0.637337863,-0.087670997,0.795446694,0.676523268,-0.083429791,0.858332276,0.584309459,-0.043910503,0.854993045,0.616004705,-0.080991,0.829662323,0.692641795,-0.071598299,0.820468545,0.707931817,-0.057191122,0.890284002,0.631602049,-0.052950963,0.882776976,0.670533657,-0.076712325,0.858789921,0.722319841,-0.071435809,0.848971128,0.724770308,-0.062334735
pointing,46,1,0.997512698,0.803873897,0.817005992,-4.76E-08,0.763924479,0.785076857,-0.032861393,0.730868101,0.727763057,-0.05652725,0.737837136,0.683273315,-0.078275144,0.775034726,0.660940289,-0.098580182,0.764495075,0.572444022,-0.036034279,0.768898785,0.48431778,-0.067717701,0.77214998,0.429763198,-0.08778742,0.779235661,0.374901533,-0.102552347,0.811418891,0.571379125,-0.037859149,0.81520009,0.551597357,-0.081190027,0.79894954,0.646516204,-0.089691222,0.79122442,0.690741658,-0.08594133,0.850474834,0.600204945,-0.044140831,0.848968983,0.618714094,-0.083061963,0.825871646,0.700788736,-0.074228793,0.814944029,0.724873781,-0.059212569,0.882302403,0.645828903,-0.053920351,0.876271129,0.672853887,-0.078125708,0.853930593,0.728658676,-0.071644999,0.842856288,0.739238739,-0.061261103
pointing,47,1,0.995605171,0.807183385,0.795365393,-4.27E-08,0.764666021,0.768307805,-0.031855002,0.727605879,0.708875597,-0.053178616,0.734469771,0.64910841,-0.072548933,0.767384648,0.612302005,-0.090351336,0.751421154,0.555844963,-0.031216316,0.748526454,0.461947024,-0.058390971,0.747908175,0.405275285,-0.073724754,0.749324739,0.351714373,-0.084709555,0.793959439,0.559089959,-0.032918941,0.798738182,0.51101923,-0.073464245,0.792057931,0.610405445,-0.078773357,0.789034665,0.660478532,-0.072062269,0.831912816,0.583782315,-0.039094981,0.836212575,0.565594792,-0.079240859,0.822645903,0.657704353,-0.068651535,0.815968394,0.690796614,-0.05085532,0.866633534,0.622385085,-0.0480709,0.866508484,0.603957832,-0.072988011,0.85236758,0.6687603,-0.063346289,0.844658077,0.691917837,-0.049989399
pointing,48,1,0.992522895,0.801623166,0.781512439,-4.46E-08,0.755128741,0.756105483,-0.028601754,0.715484083,0.690292418,-0.045372128,0.72251451,0.61854732,-0.060874239,0.756233454,0.575698376,-0.075114734,0.736772001,0.544572234,-0.023668196,0.730428696,0.447861314,-0.047352389,0.728274465,0.38933602,-0.060952973,0.72835058,0.333880186,-0.07098487,0.778137267,0.545047581,-0.026080288,0.779989779,0.473339021,-0.06610506,0.776687562,0.566896379,-0.073480934,0.775619447,0.628833234,-0.067368038,0.816314518,0.566289008,-0.032342453,0.818656325,0.524534345,-0.073020771,0.80965966,0.621446609,-0.06443312,0.805679083,0.671066403,-0.046466362,0.852623105,0.602117419,-0.040842231,0.851503611,0.561545253,-0.066595308,0.839811087,0.628478825,-0.057873953,0.833610713,0.665370166,-0.044464476
pointing,49,1,0.992716551,0.799646556,0.801479638,-2.27E-08,0.755515277,0.763041914,-0.026323905,0.724882543,0.683134794,-0.042861219,0.743013859,0.622005463,-0.058557387,0.781478465,0.600694597,-0.073530488,0.760300934,0.540358901,-0.025502723,0.769472182,0.443021029,-0.050139368,0.780035973,0.385047019,-0.066051364,0.790267348,0.331005782,-0.077791363,0.80305618,0.557956636,-0.029419165,0.819041252,0.499603957,-0.070113622,0.807868361,0.59085089,-0.078696303,0.797917724,0.650950909,-0.074041069,0.840087771,0.592810154,-0.036766723,0.852997482,0.561856031,-0.075341292,0.834005296,0.648090005,-0.067733735,0.819919884,0.693839192,-0.051703531,0.871918559,0.639759898,-0.046363246,0.879484832,0.610444248,-0.069553822,0.861849129,0.66896832,-0.060636684,0.848752499,0.699774623,-0.047838956
pointing,50,-1,0.994295359,0.219394386,0.736549139,-8.73E-09,0.265585989,0.716278911,-0.023610923,0.319084644,0.662072897,-0.036575045,0.324630141,0.598826528,-0.048406839,0.292532653,0.564698339,-0.060242452,0.29940626,0.500698268,-0.026111107,0.310473621,0.412483424,-0.047652543,0.31449917,0.352039069,-0.059982613,0.316905051,0.294057548,-0.069178872,0.259556741,0.467767,-0.026840616,0.258959055,0.49461025,-0.061270852,0.256340951,0.589639127,-0.069928005,0.256874144,0.635120332,-0.067717887,0.220247984,0.471797675,-0.029444374,0.21860823,0.530681849,-0.063717321,0.223499507,0.613678515,-0.060505692,0.229656652,0.645191789,-0.049780626,0.180997878,0.493082881,-0.034183089,0.183614671,0.557660937,-0.058186192,0.195214137,0.627651095,-0.055897746,0.205755562,0.65119338,-0.04744051
pointing,51,-1,0.994822741,0.218310326,0.73755306,1.32E-08,0.264743954,0.71794498,-0.024613371,0.31814748,0.665809512,-0.038948942,0.325320333,0.60396415,-0.052224606,0.293313324,0.568772197,-0.065337121,0.301033109,0.502578437,-0.027025312,0.312739879,0.414178878,-0.049371824,0.316784441,0.354212642,-0.061781127,0.318285584,0.296281934,-0.071029969,0.260292739,0.469822079,-0.028009035,0.260133803,0.492470026,-0.06351427,0.256919026,0.591103911,-0.071886763,0.256711245,0.634774745,-0.069215447,0.220111206,0.473346084,-0.031048603,0.219100609,0.529060483,-0.06631507,0.223963946,0.615644574,-0.062062174,0.229419604,0.646110058,-0.050443515,0.179807186,0.49401781,-0.036362246,0.183271855,0.558460772,-0.060977392,0.195578456,0.628620684,-0.058193382,0.206045061,0.650319099,-0.049308043
pointing,52,-1,0.995163739,0.218128949,0.744635165,1.92E-08,0.263935477,0.7242347,-0.024116816,0.316746682,0.672681928,-0.038276255,0.32392922,0.612241089,-0.051318672,0.293177396,0.574828506,-0.06421157,0.30180797,0.509974301,-0.027117204,0.313495249,0.422752351,-0.049799316,0.31812191,0.362383306,-0.062751293,0.320808768,0.303558022,-0.072391562,0.261809409,0.475472391,-0.028277161,0.261857599,0.497686297,-0.063546322,0.257127583,0.596698999,-0.071832202,0.25646922,0.641234398,-0.069213599,0.221461028,0.477764815,-0.031477213,0.220496759,0.532929242,-0.066843316,0.224052623,0.620931149,-0.062694564,0.229097381,0.652778029,-0.05121091,0.18058072,0.498021573,-0.036899589,0.183827579,0.563940644,-0.062124614,0.195976228,0.635952413,-0.05977001,0.206819743,0.658877611,-0.051144857
pointing,53,-1,0.994471431,0.219397664,0.747610569,1.29E-08,0.264594883,0.726800203,-0.024017092,0.317567199,0.674571395,-0.037921283,0.324890673,0.613838911,-0.050661024,0.294125468,0.577599645,-0.063248776,0.301562667,0.510464013,-0.02689229,0.313005477,0.422791839,-0.049258456,0.317103386,0.362399757,-0.061983544,0.319354028,0.303756356,-0.071399547,0.261293888,0.476836205,-0.027915694,0.261666775,0.500033915,-0.062989749,0.258204222,0.597010136,-0.071727164,0.257978529,0.641527176,-0.069364466,0.221189752,0.480301738,-0.030911123,0.220899463,0.539415061,-0.065838814,0.22549656,0.624306083,-0.062391348,0.23090592,0.654226005,-0.051344257,0.181163535,0.501545668,-0.036083963,0.18488659,0.568163574,-0.060173467,0.196896985,0.638486505,-0.057654582,0.20711571,0.660097122,-0.049031448
pointing,54,-1,0.993716538,0.219164416,0.753941774,6.00E-10,0.264671534,0.734208465,-0.02345199,0.316397071,0.682629228,-0.037821382,0.324087083,0.621831179,-0.051417518,0.293532819,0.582979918,-0.064975478,0.30143553,0.515920579,-0.026553147,0.313243926,0.42823565,-0.049079787,0.317157209,0.366502941,-0.061971676,0.31921953,0.30790481,-0.071401261,0.261211812,0.482826829,-0.027926775,0.261716753,0.511530101,-0.06226648,0.257904112,0.608168185,-0.070423439,0.258128405,0.651197493,-0.068086877,0.220936179,0.487882465,-0.031275928,0.221522436,0.546569467,-0.066013433,0.225607038,0.631252289,-0.061688486,0.231033176,0.661699176,-0.050364956,0.180768609,0.510487497,-0.036760811,0.185373694,0.573790133,-0.061119143,0.196961731,0.644341648,-0.057817906,0.206830561,0.667395473,-0.048645228
pointing,55,-1,0.993230641,0.223450884,0.751398087,6.35E-10,0.270323753,0.733966351,-0.022536663,0.321171045,0.682661295,-0.036342036,0.328025043,0.624307394,-0.049287338,0.298524231,0.58742249,-0.062198497,0.305422246,0.518366277,-0.027510926,0.316199571,0.42663902,-0.050314996,0.320415169,0.364027172,-0.063646577,0.323121578,0.30645889,-0.072949857,0.265298158,0.487564504,-0.028657211,0.266240478,0.513099611,-0.06277851,0.263371766,0.607544422,-0.070665017,0.264568895,0.656156242,-0.068060443,0.225092888,0.493487686,-0.031573918,0.226804748,0.54927367,-0.065071523,0.231028602,0.63018471,-0.060328413,0.236982957,0.664315104,-0.04871745,0.185524717,0.516097367,-0.03651664,0.191365376,0.572007358,-0.058673009,0.202172935,0.63987577,-0.053938989,0.211564407,0.666087747,-0.043888483
pointing,56,-1,0.993097425,0.236302584,0.756848335,-1.78E-08,0.28372407,0.741275907,-0.020124443,0.335343987,0.692837477,-0.033301394,0.346314371,0.63610965,-0.046506222,0.317522526,0.598626435,-0.059734151,0.320380598,0.524540544,-0.022902276,0.333381921,0.438755333,-0.044154566,0.338112235,0.379304439,-0.056784261,0.341984689,0.324532032,-0.065676466,0.281209975,0.493266791,-0.024879085,0.286314785,0.52548933,-0.055917639,0.282259643,0.615464509,-0.063221246,0.281940669,0.658858418,-0.061347675,0.241148531,0.49821955,-0.02857805,0.245917678,0.552002072,-0.059778985,0.248612657,0.630239129,-0.054716371,0.252622604,0.663126647,-0.043909512,0.201432556,0.51904422,-0.034203619,0.209603697,0.573995173,-0.054700341,0.219497368,0.64082551,-0.04941139,0.227130353,0.66761899,-0.039626926
pointing,57,-1,0.992640495,0.258621186,0.768084645,-3.39E-08,0.307157397,0.751133323,-0.019209217,0.357740819,0.703987598,-0.032624781,0.368402302,0.648199379,-0.046266161,0.340390563,0.61201781,-0.060106922,0.342995167,0.5338462,-0.024149157,0.355527371,0.451710582,-0.045573782,0.360176861,0.393696785,-0.059247736,0.364734232,0.338246822,-0.069085568,0.303641438,0.503248394,-0.027023826,0.312573433,0.543063998,-0.05812062,0.307900548,0.627619803,-0.066707864,0.305283636,0.670360565,-0.066305913,0.263811946,0.50983566,-0.031373914,0.272913754,0.573608637,-0.061043192,0.273657918,0.645704567,-0.057173889,0.274902701,0.677624762,-0.047956977,0.224217817,0.532384217,-0.037815526,0.236057162,0.592968166,-0.056851834,0.244166538,0.65724498,-0.0523762,0.24971202,0.684697866,-0.043762784
pointing,58,-1,0.992083907,0.277887642,0.803698838,-1.63E-08,0.325683981,0.791007817,-0.021355297,0.373385608,0.748136342,-0.035622902,0.389887899,0.690373003,-0.050127879,0.365243793,0.644290924,-0.064807825,0.366806298,0.576091588,-0.023389537,0.383615077,0.494097054,-0.045984868,0.393114924,0.435461313,-0.059536137,0.400802672,0.380201906,-0.069024071,0.329994977,0.542455494,-0.026044769,0.340726972,0.573975623,-0.061717778,0.332754463,0.667078853,-0.070873097,0.326175839,0.715602279,-0.068540081,0.291066915,0.545139849,-0.030645166,0.300493836,0.607009172,-0.065358937,0.297005922,0.688373983,-0.061764486,0.29432717,0.72478193,-0.050386224,0.251469672,0.565560937,-0.037393473,0.261587143,0.631754696,-0.061317876,0.267009914,0.700637698,-0.058849394,0.270238578,0.728307962,-0.050143871
pointing,59,-1,0.99274987,0.273768753,0.82088697,-3.40E-09,0.321354806,0.802304029,-0.018321322,0.371786982,0.750900149,-0.029960914,0.391774058,0.688843608,-0.042328715,0.3662076,0.649947166,-0.0552244,0.361458153,0.589519143,-0.018935369,0.381406784,0.505542815,-0.040458329,0.392761916,0.448141515,-0.053533833,0.401492476,0.39158693,-0.062957957,0.32413888,0.56172961,-0.023261881,0.339032471,0.574107945,-0.059521001,0.331676513,0.669959903,-0.068393022,0.323851168,0.722420573,-0.065412819,0.285098553,0.567051828,-0.029372793,0.299614727,0.610140681,-0.064587377,0.29653576,0.69562155,-0.059960417,0.292376578,0.734807193,-0.047453392,0.245491385,0.590406239,-0.037292808,0.259605289,0.643683195,-0.060754854,0.265330285,0.713210762,-0.0570754,0.267343581,0.742186069,-0.047694016
pointing,60,-1,0.993456244,0.247136205,0.825880408,6.96E-09,0.296096891,0.810869217,-0.012812175,0.348887235,0.752858162,-0.022645717,0.36805898,0.692188621,-0.034270223,0.339247644,0.661166072,-0.047509987,0.329736799,0.58888483,-0.015835261,0.354612291,0.512549222,-0.035107665,0.371656269,0.463638842,-0.048777405,0.385864317,0.417087615,-0.058967657,0.290885776,0.567678332,-0.022815196,0.315033644,0.589371264,-0.051869288,0.308831453,0.679992855,-0.0596915,0.297186941,0.722443998,-0.059625771,0.251919895,0.581342578,-0.031036945,0.279552042,0.619815707,-0.060156226,0.278132975,0.698899746,-0.053872593,0.269310951,0.730911016,-0.043764237,0.212338418,0.610998511,-0.040484443,0.240979344,0.642711103,-0.058626633,0.246649101,0.707164526,-0.050077554,0.242911294,0.73667109,-0.039669305
pointing,61,-1,0.991615117,0.215092868,0.827287078,-1.41E-08,0.262819171,0.805344462,-0.01494904,0.310511142,0.74119705,-0.023902938,0.319327146,0.679734349,-0.033988137,0.284966111,0.654738188,-0.045698643,0.283924669,0.582342207,-0.014213462,0.297509879,0.501743138,-0.032723315,0.30384624,0.446555704,-0.04640045,0.307816595,0.393326163,-0.057148665,0.244396299,0.570722938,-0.019527126,0.253285259,0.570487082,-0.048728723,0.25584814,0.664422452,-0.057311531,0.253459066,0.715260923,-0.057266548,0.204861268,0.592697084,-0.026280265,0.215275839,0.605124712,-0.056408368,0.223952278,0.686457276,-0.050723005,0.224409372,0.723707139,-0.04022748,0.164296255,0.629965961,-0.034110077,0.177770644,0.636649072,-0.053955253,0.192368329,0.69841361,-0.045805287,0.197474286,0.728227854,-0.035154648
pointing,62,-1,0.995235026,0.2032177,0.838565111,3.18E-08,0.244048014,0.802266955,-0.027768968,0.288962662,0.734681845,-0.044563875,0.282974124,0.674568355,-0.059632067,0.244991705,0.641519666,-0.074428111,0.256608278,0.5771088,-0.033242963,0.25778845,0.48135978,-0.057907805,0.251333147,0.420682788,-0.071359724,0.242143705,0.36152789,-0.080985531,0.213217214,0.569215238,-0.033817407,0.209564656,0.574976861,-0.070819192,0.219918311,0.676876664,-0.078238189,0.228311971,0.71830982,-0.074815065,0.173743218,0.593418956,-0.036586005,0.172077373,0.63290751,-0.074463144,0.188886538,0.719270945,-0.067976154,0.199352115,0.746876717,-0.054285336,0.134963512,0.631879508,-0.041522879,0.14005141,0.671111643,-0.066971831,0.162125528,0.73543179,-0.060481597,0.175320983,0.755304337,-0.048768878
pointing,63,-1,0.996562958,0.217459247,0.839708686,-6.81E-09,0.258803964,0.794131339,-0.028673483,0.297159284,0.710282087,-0.043427583,0.275201142,0.65914911,-0.055677,0.232305065,0.646230996,-0.067282014,0.248696387,0.569509983,-0.033757947,0.238727182,0.471393198,-0.060921054,0.222364411,0.416179776,-0.078071557,0.203510046,0.361885637,-0.090076678,0.205736637,0.580631733,-0.033392902,0.196976066,0.58289659,-0.069928959,0.215929657,0.676216543,-0.079241753,0.229775757,0.712345004,-0.07847704,0.168932974,0.614630342,-0.035604794,0.16053091,0.635939479,-0.072280265,0.18521747,0.715715587,-0.06656345,0.20138675,0.741076529,-0.054589093,0.134431332,0.661372066,-0.040153552,0.134887651,0.67817688,-0.064543538,0.161805674,0.735813141,-0.057102732,0.179010853,0.755193949,-0.045403946
pointing,64,-1,0.991555333,0.250141054,0.81355381,-4.71E-08,0.296163112,0.768246412,-0.024040489,0.332169533,0.681548476,-0.036766853,0.311118245,0.633305311,-0.0487759,0.270711482,0.625146806,-0.061279733,0.283048779,0.554994941,-0.025402157,0.270666718,0.448509455,-0.048864849,0.25562501,0.389004827,-0.064102709,0.239889503,0.341538131,-0.074044302,0.243212357,0.571133018,-0.025624471,0.234244421,0.556367397,-0.063675791,0.248358041,0.640126824,-0.07514549,0.260349214,0.692906737,-0.074392579,0.208990544,0.603123605,-0.02790677,0.199761271,0.597880304,-0.064140812,0.21915336,0.671060622,-0.059968103,0.233531862,0.714004815,-0.047929894,0.17596224,0.644641101,-0.031913623,0.172691271,0.628287315,-0.056355793,0.193262964,0.682383657,-0.049587071,0.209375814,0.715633929,-0.0377688
pointing,65,-1,0.990484118,0.274320692,0.780409455,1.13E-08,0.321338892,0.742503881,-0.023089817,0.364451885,0.66552031,-0.034255911,0.360642821,0.60158056,-0.044985134,0.325225472,0.572675288,-0.056323759,0.332205623,0.529324114,-0.020802915,0.340255588,0.42797336,-0.042120062,0.342408061,0.364444584,-0.054821707,0.341891736,0.306505144,-0.06334649,0.292274058,0.525847614,-0.021419043,0.290028811,0.50197804,-0.058565173,0.297563881,0.593465805,-0.06878709,0.304685384,0.652050316,-0.065993518,0.254963845,0.543583155,-0.024091918,0.253536999,0.545573771,-0.061917067,0.267933041,0.631239653,-0.058282621,0.27845341,0.679088831,-0.04493355,0.217488676,0.573835433,-0.028264895,0.221168309,0.574253678,-0.054211549,0.238607287,0.640192389,-0.049068324,0.250983506,0.677209139,-0.037430141
pointing,66,-1,0.994799316,0.288959622,0.774108529,5.46E-09,0.33759588,0.743215561,-0.018751169,0.383520395,0.670540035,-0.028429497,0.384827018,0.603919923,-0.038576972,0.352254361,0.571904719,-0.049713936,0.357020497,0.527339578,-0.016378252,0.371247858,0.431325078,-0.036753371,0.379203737,0.369410276,-0.049710095,0.384177208,0.31224376,-0.058497258,0.317560464,0.519619644,-0.018862598,0.323965698,0.493463248,-0.05337901,0.327406198,0.588250041,-0.062251296,0.328059793,0.650111139,-0.059379,0.278756231,0.535171568,-0.023152212,0.285768062,0.531135798,-0.059265971,0.29511568,0.619870603,-0.054529957,0.298638046,0.672616184,-0.041042194,0.238291711,0.56368047,-0.028500482,0.249462157,0.557448983,-0.052587397,0.264475584,0.626784146,-0.045676477,0.271250725,0.670072615,-0.033457827
pointing,67,-1,0.992260158,0.297443509,0.779795766,1.20E-08,0.347422153,0.756758213,-0.023447301,0.395383477,0.694628119,-0.036304533,0.4059636,0.622740626,-0.048774064,0.376066864,0.58438015,-0.061583705,0.37977308,0.537025511,-0.022727119,0.398117185,0.453147352,-0.04601353,0.407978147,0.396679997,-0.060499396,0.416423351,0.339205086,-0.070880249,0.340031475,0.512282491,-0.024536217,0.350676358,0.510964394,-0.062975444,0.348264575,0.609029651,-0.072943583,0.345669746,0.669265866,-0.07015156,0.299799621,0.518756688,-0.028633155,0.311538875,0.550875723,-0.065826111,0.314674944,0.641028166,-0.06184743,0.315176249,0.690237403,-0.048940759,0.25965023,0.542692244,-0.034971423,0.272293031,0.590439379,-0.060299315,0.282427371,0.66061604,-0.05792325,0.287897468,0.693826139,-0.048897032
pointing,68,-1,0.993534088,0.251584113,0.777470648,-1.21E-08,0.302766055,0.761998177,-0.020106105,0.356122077,0.708687842,-0.031258434,0.365785688,0.648092508,-0.042792402,0.338054776,0.605524063,-0.054848727,0.345923424,0.557815015,-0.017592413,0.366043746,0.467825741,-0.038857002,0.376242191,0.412583292,-0.051236141,0.384813845,0.359652042,-0.059467118,0.307022214,0.535159528,-0.020382583,0.31912905,0.520394981,-0.057079166,0.309632748,0.619109929,-0.065818362,0.302609831,0.674770117,-0.062548019,0.26708442,0.535971999,-0.025384089,0.277198672,0.541627586,-0.061790865,0.27366519,0.632548332,-0.055285107,0.271146595,0.677144766,-0.041070994,0.224227875,0.549194336,-0.031807091,0.237374157,0.55704236,-0.054196458,0.241983235,0.629484236,-0.045780435,0.243523151,0.664607048,-0.033048481
pointing,69,-1,0.994880438,0.202378184,0.752354622,1.02E-08,0.253495455,0.745100796,-0.018780457,0.310293317,0.693189859,-0.027669324,0.321397901,0.628048301,-0.03659267,0.28684032,0.592387736,-0.046605397,0.299787641,0.540766895,-0.016174939,0.324075431,0.460461944,-0.034340642,0.335794777,0.407439709,-0.04682548,0.345392078,0.356047869,-0.056280721,0.264022738,0.513652205,-0.018347381,0.274218053,0.508976758,-0.049238101,0.265990168,0.597112,-0.059098929,0.258456349,0.647268355,-0.058930591,0.225185588,0.513826907,-0.022136366,0.233824655,0.521607161,-0.053244609,0.232715696,0.602176547,-0.049874447,0.229426444,0.644411564,-0.039998434,0.183383778,0.52812767,-0.027238799,0.19762826,0.535734534,-0.048851181,0.203206524,0.602913737,-0.04326706,0.203433856,0.641126692,-0.033465311
pointing,70,-1,0.995672047,0.185896024,0.746054232,4.25E-09,0.233453795,0.725466609,-0.021043025,0.287324786,0.674353004,-0.033149205,0.288478076,0.616149008,-0.044728141,0.255760282,0.573205769,-0.056999564,0.273169845,0.516812384,-0.023305405,0.293052047,0.42852661,-0.045084778,0.300468594,0.367923915,-0.059166949,0.304085732,0.309679657,-0.069305398,0.233879566,0.495082438,-0.025993574,0.233657032,0.492564082,-0.059042189,0.228836864,0.585845709,-0.068159632,0.227092609,0.63336426,-0.067144737,0.192897052,0.50344938,-0.030362077,0.190473229,0.520208478,-0.063729391,0.194005698,0.606083632,-0.058196381,0.197059929,0.643360317,-0.04641239,0.149578929,0.526178002,-0.036284126,0.153168842,0.541934311,-0.057987198,0.164375499,0.610451519,-0.050034311,0.171378553,0.641506851,-0.038174629
pointing,71,-1,0.995833933,0.169804722,0.758960426,4.95E-08,0.217482314,0.726958096,-0.025235539,0.269083381,0.667978168,-0.03977365,0.266517043,0.605165839,-0.053410385,0.230642855,0.565169215,-0.066980265,0.24833107,0.513821006,-0.026211724,0.260677487,0.420386851,-0.050111167,0.264203012,0.359349012,-0.064269394,0.264574945,0.298902035,-0.074429438,0.205744967,0.493189394,-0.027897431,0.202301294,0.490175694,-0.066694222,0.20184204,0.590546489,-0.076870427,0.203735888,0.639615476,-0.074492373,0.164220721,0.503146052,-0.031749867,0.158766687,0.53424257,-0.069731489,0.166567713,0.625249147,-0.064721972,0.173575133,0.660600662,-0.051391497,0.121680364,0.528950036,-0.037646625,0.122683503,0.565161824,-0.061774399,0.137903795,0.634492278,-0.055560894,0.149113774,0.659508348,-0.043922
pointing,72,-1,0.995742917,0.178047299,0.790611744,1.22E-08,0.222694278,0.755315363,-0.029198196,0.2703183,0.686446786,-0.044288736,0.262659907,0.620892584,-0.056928892,0.224972963,0.581070065,-0.069128707,0.241617903,0.538819611,-0.03279138,0.248504728,0.444712609,-0.058071557,0.245130911,0.383796215,-0.071987174,0.239520997,0.321742505,-0.082047932,0.199258938,0.521417797,-0.031965971,0.194176495,0.521576166,-0.070718601,0.199205086,0.62324965,-0.078644209,0.206137627,0.671407878,-0.075098492,0.15886493,0.533151865,-0.033780552,0.154369861,0.570506513,-0.072878294,0.167066321,0.661956906,-0.066961385,0.177916661,0.696821332,-0.053313229,0.118202291,0.560120583,-0.038011815,0.119942524,0.60635376,-0.065133616,0.138178408,0.677061439,-0.060863618,0.152022034,0.70066756,-0.050486419
pointing,73,-1,0.996598601,0.188261569,0.82107681,2.64E-08,0.23198691,0.778944254,-0.026300259,0.277921677,0.705771387,-0.039708786,0.270129442,0.642038167,-0.051236637,0.232536674,0.610238731,-0.062348295,0.245794445,0.560278118,-0.027640238,0.251285493,0.474000275,-0.050907686,0.248636976,0.417107701,-0.064143337,0.243997842,0.359002352,-0.073856369,0.202328727,0.543972671,-0.027801234,0.200520784,0.551322103,-0.064792871,0.208502486,0.651122689,-0.073667906,0.215630472,0.699097157,-0.070804827,0.161943793,0.559722483,-0.030322999,0.162100405,0.605359554,-0.067780524,0.17727749,0.694200695,-0.063776016,0.188084543,0.728137553,-0.051286366,0.122281782,0.592158079,-0.035024069,0.128944233,0.643396676,-0.060461633,0.149766818,0.710851431,-0.057107132,0.163500875,0.733006835,-0.047395743
pointing,74,-1,0.993845284,0.214717016,0.816169381,-2.12E-08,0.261877954,0.78327179,-0.020475985,0.308263868,0.708620191,-0.030501336,0.304403841,0.644871652,-0.040664151,0.266346931,0.625002623,-0.052108616,0.270804375,0.565667212,-0.017613668,0.278169781,0.478835106,-0.036914743,0.279031575,0.422286868,-0.050095681,0.27807498,0.371061921,-0.059485648,0.230524167,0.56060797,-0.019200057,0.231682941,0.55979979,-0.052761633,0.239761889,0.649405062,-0.063719146,0.24488081,0.706163764,-0.063139603,0.192889154,0.584228456,-0.022480601,0.193791553,0.594892442,-0.056780841,0.20799455,0.674764514,-0.05403186,0.216738775,0.722292066,-0.04291901,0.154850423,0.622950613,-0.027080681,0.160220966,0.620616794,-0.051040918,0.178861231,0.680361867,-0.045783702,0.190659672,0.718108356,-0.034987904
pointing,75,-1,0.992696822,0.230551675,0.779930294,2.08E-08,0.281833559,0.755470216,-0.018065782,0.330279559,0.678385854,-0.025673969,0.330163747,0.611961007,-0.033536039,0.292669207,0.602257907,-0.04301478,0.295090437,0.541781247,-0.014865873,0.307455271,0.453891575,-0.032592855,0.312599331,0.398125708,-0.045031335,0.314677268,0.347817659,-0.054410852,0.255734682,0.538032889,-0.017545223,0.261360019,0.519784629,-0.048837278,0.268122047,0.60653311,-0.058383945,0.269029677,0.66245538,-0.057661779,0.217633396,0.558821082,-0.021864438,0.224996045,0.55531168,-0.05359073,0.23557733,0.63552624,-0.049545445,0.237073123,0.682021141,-0.038748153,0.178288728,0.593416452,-0.027409982,0.19027926,0.589850366,-0.048390653,0.204494223,0.649782717,-0.041969452,0.209301487,0.685845613,-0.031809591
pointing,76,-1,0.994725943,0.271462768,0.744401217,2.22E-08,0.321179748,0.717310309,-0.019245557,0.36805588,0.650645375,-0.029281911,0.375361532,0.578781605,-0.039305776,0.344270438,0.553126931,-0.049884606,0.342224479,0.507175684,-0.017447088,0.358026028,0.424213141,-0.037162695,0.366229743,0.367299676,-0.049535409,0.371784419,0.312687278,-0.058385722,0.304014266,0.487498552,-0.019930497,0.317433834,0.487643719,-0.053539369,0.316519111,0.577544332,-0.062095508,0.312403202,0.633678854,-0.059194237,0.265826255,0.496397823,-0.024266968,0.280822694,0.52632767,-0.057915144,0.283707023,0.60959053,-0.054363653,0.282733768,0.654298306,-0.04258886,0.227504075,0.521273375,-0.030252289,0.244961977,0.561452925,-0.052381758,0.254704595,0.628862619,-0.048721589,0.258119792,0.662313044,-0.039518412
pointing,77,-1,0.992376328,0.279506028,0.746691525,1.40E-08,0.329955071,0.723101616,-0.019894771,0.377274871,0.65987581,-0.030999959,0.388583243,0.588922858,-0.042280599,0.35948953,0.554775,-0.0540796,0.355484873,0.508251846,-0.01793001,0.371931225,0.42782557,-0.038465239,0.380766958,0.372483492,-0.051297769,0.387843728,0.318696201,-0.06036707,0.316960722,0.487195879,-0.020482147,0.331335247,0.489223331,-0.055256467,0.329374224,0.581159234,-0.064491257,0.325012714,0.636770666,-0.061763812,0.278401464,0.495554835,-0.02499439,0.294227779,0.527577221,-0.059759494,0.296546131,0.613121331,-0.056262605,0.295146465,0.658377886,-0.044176478,0.239875644,0.51981473,-0.031265341,0.257209599,0.562887013,-0.054612227,0.267413586,0.631825209,-0.0514911,0.271397114,0.665389776,-0.042286996
pointing,78,-1,0.991559744,0.272883594,0.763263583,6.48E-10,0.324397087,0.742171407,-0.016477283,0.372556031,0.678088307,-0.024600163,0.386608183,0.609316647,-0.033569179,0.358708948,0.575980961,-0.043225538,0.356036365,0.531271398,-0.012108749,0.376420707,0.449450552,-0.031456694,0.388540596,0.396821916,-0.043603919,0.397634268,0.345343471,-0.052409068,0.318418592,0.511360705,-0.016157938,0.332052708,0.499493897,-0.050898973,0.329310536,0.593617201,-0.059771262,0.323732853,0.652118564,-0.056529026,0.279840559,0.518424869,-0.022239724,0.293655843,0.540217102,-0.057771619,0.295516819,0.628040016,-0.054424435,0.293341428,0.674436152,-0.042128924,0.240938485,0.541431546,-0.029666416,0.255553901,0.577605247,-0.053965412,0.263916939,0.647683203,-0.051169906,0.266758978,0.681659281,-0.042246711
pointing,79,-1,0.995634496,0.234433591,0.823816419,1.63E-09,0.281435192,0.802985907,-0.019659543,0.331018716,0.743038595,-0.031072389,0.337627232,0.683945537,-0.042741131,0.303924292,0.653855085,-0.055068262,0.308016598,0.579987705,-0.017934654,0.321723491,0.501394153,-0.038070973,0.326970547,0.450778425,-0.051483486,0.330371588,0.400963187,-0.061525721,0.268505543,0.560270607,-0.021408077,0.274388611,0.579761326,-0.054254059,0.275305003,0.675126433,-0.064130545,0.273920178,0.718048811,-0.063587785,0.228010446,0.576869488,-0.026721843,0.235378057,0.614964724,-0.060332324,0.242176503,0.697562158,-0.056178469,0.244100809,0.727253914,-0.045273773,0.186867565,0.609277785,-0.033564288,0.199021593,0.643784642,-0.055234384,0.213234961,0.708282053,-0.048598766,0.2195324,0.73174566,-0.037884023
pointing,80,-1,0.995396435,0.22979635,0.831820369,-3.30E-09,0.276030391,0.803627491,-0.017542051,0.323020697,0.741313756,-0.027814118,0.327855051,0.681158423,-0.03846433,0.292988926,0.654207766,-0.05017243,0.298098803,0.582799375,-0.017419515,0.309963942,0.505273402,-0.03742861,0.31426239,0.452732861,-0.050952759,0.316548496,0.399224222,-0.061132796,0.256879747,0.562563241,-0.021609209,0.261321604,0.577310681,-0.053672306,0.263180584,0.674565136,-0.063041814,0.263717622,0.725471795,-0.061977599,0.215326518,0.580132842,-0.027380705,0.222699493,0.614248276,-0.061285183,0.231736198,0.699432075,-0.057699993,0.236414611,0.736428082,-0.04671248,0.173731297,0.615632594,-0.034324218,0.185368016,0.647073746,-0.057867803,0.202021837,0.713829458,-0.052457616,0.2111696,0.741990685,-0.04200061
pointing,81,-1,0.996931016,0.196527913,0.821685195,5.22E-08,0.240475029,0.790816367,-0.023158735,0.290196151,0.727347434,-0.036130328,0.284541249,0.666354418,-0.047885403,0.247743532,0.6341905,-0.059760302,0.265700907,0.574831665,-0.024319421,0.275480837,0.491677642,-0.046281811,0.27672559,0.436640382,-0.0593195,0.27597636,0.381475151,-0.068713225,0.221132398,0.553810835,-0.025825413,0.223885119,0.562149048,-0.060662724,0.225074634,0.659320772,-0.070062444,0.226262644,0.706341982,-0.068055876,0.178970218,0.567075968,-0.029214431,0.18309775,0.609009683,-0.064207397,0.192236573,0.694366455,-0.060461544,0.198328778,0.727093995,-0.048887447,0.136848956,0.597650766,-0.03434182,0.146332517,0.645164311,-0.057135887,0.163370609,0.710952044,-0.052269954,0.174418703,0.732888401,-0.041971568
pointing,82,-1,0.997180283,0.192253098,0.816651583,4.05E-08,0.2354936,0.77981627,-0.029253678,0.282713622,0.709703565,-0.044880778,0.272691548,0.644837618,-0.058028631,0.233381569,0.611554027,-0.07065963,0.252561629,0.559203565,-0.032415628,0.257236004,0.471230388,-0.058027286,0.252515167,0.413966,-0.072697759,0.245473355,0.354517192,-0.083166242,0.20946689,0.542602539,-0.031663783,0.20648706,0.546673596,-0.071434475,0.21351321,0.646975994,-0.081227034,0.220324606,0.693383276,-0.078571901,0.16869399,0.556866467,-0.033344023,0.166524291,0.599827886,-0.072915852,0.180628926,0.690243661,-0.068484351,0.191000566,0.723847032,-0.055269059,0.127533227,0.587133765,-0.037352689,0.132255942,0.635806918,-0.063809417,0.15280062,0.703871727,-0.059692923,0.166426495,0.725720763,-0.049174339
pointing,83,-1,0.996751189,0.20023945,0.819974065,3.17E-08,0.242622212,0.777991951,-0.027405253,0.287602037,0.702752173,-0.042171344,0.275312394,0.640538812,-0.055006865,0.234813854,0.615200877,-0.067382149,0.251212478,0.555846035,-0.028951867,0.251283526,0.466303527,-0.053061333,0.244118646,0.409050643,-0.067031555,0.23489064,0.351735145,-0.077221207,0.207863763,0.545014381,-0.029170481,0.204527885,0.552328408,-0.068247303,0.214379445,0.648692727,-0.078942813,0.222234771,0.69431448,-0.076978244,0.168397263,0.565551698,-0.031635839,0.167281732,0.610464752,-0.069860674,0.184233189,0.696137428,-0.066372178,0.195535287,0.727442443,-0.054159001,0.129581064,0.602634788,-0.036380254,0.135348767,0.655127883,-0.061777681,0.156897098,0.718274593,-0.058303673,0.170889258,0.736300111,-0.048515547
pointing,84,-1,0.994768381,0.214673832,0.79194665,4.41E-08,0.258770257,0.748582006,-0.029271392,0.301231295,0.665145457,-0.04374858,0.286885113,0.603003383,-0.056263063,0.246199057,0.57837975,-0.06863077,0.256999791,0.526853025,-0.028645648,0.253045738,0.429541945,-0.052519966,0.243596151,0.370636106,-0.066354655,0.233632267,0.313626975,-0.076103412,0.214034274,0.528589368,-0.027538035,0.208202556,0.516422272,-0.068069197,0.222126916,0.610346556,-0.079149969,0.234387949,0.661649644,-0.076730616,0.175694272,0.55397439,-0.028821507,0.170792311,0.570262671,-0.06928464,0.192095622,0.656930029,-0.065378577,0.207633197,0.697827578,-0.05177474,0.138210148,0.59331876,-0.032194655,0.1401169,0.613479197,-0.060300149,0.164019108,0.677448809,-0.056241252,0.181378737,0.704824984,-0.045186665
pointing,85,-1,0.994752705,0.227800533,0.789264381,1.75E-08,0.270407557,0.746641338,-0.025528669,0.313912511,0.664280474,-0.038170122,0.304623097,0.597307563,-0.049275786,0.266362727,0.568846107,-0.060148779,0.275409162,0.521750271,-0.025493678,0.279723525,0.428705931,-0.048244849,0.27639854,0.370396882,-0.060720485,0.270666033,0.312959015,-0.069475137,0.230789036,0.513611794,-0.025649009,0.230312556,0.510330856,-0.063640669,0.241920397,0.607411265,-0.073239699,0.249649465,0.657464862,-0.070233107,0.190962791,0.534403145,-0.02796118,0.193540081,0.56803745,-0.066576645,0.211999893,0.656223834,-0.062672511,0.223037779,0.692640007,-0.049573235,0.15233013,0.571336687,-0.032121602,0.161504418,0.608953774,-0.057985015,0.184193105,0.675051272,-0.053968631,0.198012576,0.698875368,-0.043447755
pointing,86,-1,0.995924473,0.205774039,0.773785472,5.19E-08,0.254402488,0.744382799,-0.028037334,0.306915849,0.675017238,-0.042775538,0.306906074,0.600706816,-0.055743642,0.269765884,0.561192751,-0.068622887,0.280075341,0.519754887,-0.027955215,0.293210745,0.428894579,-0.053664982,0.296677202,0.367761672,-0.068913378,0.296705604,0.306416422,-0.079669133,0.235482693,0.497444481,-0.028149232,0.238070831,0.490478873,-0.069754668,0.240121171,0.59289062,-0.080467433,0.242164671,0.648890197,-0.077351853,0.193117663,0.506230235,-0.03090019,0.196654588,0.537682354,-0.071240038,0.206590667,0.633661985,-0.066535398,0.213332504,0.677170455,-0.052417345,0.151743174,0.533563852,-0.035969101,0.159793079,0.583102286,-0.063307345,0.175574169,0.654595256,-0.060113683,0.186899602,0.680188119,-0.04979432
pointing,87,-1,0.995156229,0.181184351,0.767216384,2.96E-08,0.23025696,0.749153912,-0.021481818,0.288983971,0.698030233,-0.03404979,0.301879346,0.626560092,-0.046633355,0.272748262,0.577231109,-0.059326183,0.283609778,0.536835015,-0.018725356,0.310746878,0.466314614,-0.041248135,0.325731248,0.414723098,-0.053470161,0.33763814,0.362153292,-0.062246256,0.242845848,0.492942572,-0.021481054,0.25238499,0.505621016,-0.058138169,0.23943527,0.60754478,-0.066089161,0.231450051,0.652278125,-0.061998714,0.200765282,0.484920204,-0.026684379,0.206184864,0.536192834,-0.064480908,0.202023923,0.631507277,-0.059845947,0.19999525,0.665991366,-0.046770032,0.15613839,0.497191429,-0.033689216,0.162169501,0.565130711,-0.05897776,0.169181973,0.643321812,-0.055831134,0.174959272,0.669190288,-0.046397377
pointing,88,-1,0.993450463,0.172080636,0.759042263,6.57E-08,0.219756812,0.752232313,-0.024679281,0.277476221,0.718304873,-0.040164787,0.298622578,0.654133618,-0.055301659,0.276347369,0.599647284,-0.070512846,0.285448968,0.548431456,-0.020939333,0.317877203,0.493399531,-0.046946026,0.340256512,0.448584288,-0.062532678,0.359894156,0.406098276,-0.07269235,0.248905048,0.495522797,-0.02266497,0.259941578,0.520247579,-0.061778918,0.240126282,0.618632257,-0.07120768,0.228228599,0.664260387,-0.067448132,0.207992181,0.480437249,-0.027278645,0.213188782,0.54183054,-0.06694074,0.20154047,0.633035302,-0.062421281,0.195308983,0.668843269,-0.048596952,0.164276883,0.48783958,-0.034085471,0.168251678,0.560902774,-0.061149113,0.168291673,0.639284134,-0.058060005,0.169544965,0.666868508,-0.047880843
pointing,89,-1,0.997300863,0.228615418,0.867039561,8.03E-08,0.270705134,0.84091258,-0.024107052,0.317509204,0.780070245,-0.039361212,0.310793102,0.725621045,-0.053787597,0.275551289,0.692513645,-0.068390697,0.290713012,0.624646544,-0.022301378,0.297545135,0.533054948,-0.045827381,0.300316274,0.473479092,-0.059734225,0.300078183,0.415479898,-0.069575071,0.248617157,0.622018456,-0.024945423,0.25786972,0.57901907,-0.062628634,0.264587671,0.684593439,-0.071840294,0.266015768,0.735349596,-0.068733916,0.209068626,0.639616013,-0.029721554,0.214599177,0.612676144,-0.071421519,0.228298888,0.719118118,-0.063235484,0.232397318,0.765796423,-0.046583068,0.167511404,0.672725141,-0.035613757,0.177092344,0.658907533,-0.06569434,0.195362866,0.737391174,-0.056829114,0.201732635,0.771554112,-0.042448737
pointing,90,-1,0.995155632,0.242701933,0.839709222,1.03E-07,0.284317493,0.81136775,-0.024760028,0.329160959,0.753899217,-0.042303614,0.322908342,0.705844522,-0.058663197,0.290718526,0.678371608,-0.074103124,0.302372992,0.580878735,-0.028399179,0.304433942,0.48683548,-0.052275993,0.304592222,0.424678564,-0.065483332,0.301844358,0.364584923,-0.075394385,0.257476181,0.567360938,-0.030831855,0.271371901,0.578359544,-0.063758008,0.279167682,0.674524844,-0.06988395,0.27767393,0.704304874,-0.067275867,0.218096569,0.587110817,-0.035802644,0.234146073,0.638287425,-0.07092388,0.246063635,0.720882416,-0.064579748,0.245701492,0.733834445,-0.052908491,0.179917023,0.622846067,-0.04287475,0.198726863,0.677038074,-0.065948494,0.216273189,0.739623666,-0.059697825,0.219787613,0.746539474,-0.049834009
pointing,91,-1,0.992918015,0.235108152,0.953021765,9.55E-08,0.279692113,0.930846989,-0.026207222,0.32002902,0.872944057,-0.040600564,0.324439466,0.831165552,-0.054557279,0.299508691,0.810659885,-0.06860739,0.295966953,0.694118381,-0.020264752,0.300344706,0.604956686,-0.042257693,0.301664472,0.546860456,-0.055549648,0.302467495,0.492558002,-0.06428273,0.252908081,0.686382532,-0.02202804,0.255843371,0.655229867,-0.060007717,0.263721228,0.745151162,-0.070938393,0.269971967,0.81051147,-0.067387648,0.21182853,0.704811573,-0.026536202,0.22044602,0.722230554,-0.065804064,0.232946008,0.816397488,-0.064242452,0.240991652,0.87277633,-0.050935723,0.174011588,0.739667952,-0.033072546,0.182934597,0.764352679,-0.059799287,0.198838204,0.839686811,-0.056349132,0.210746139,0.882643938,-0.045318522
pointing,92,-1,0.990699828,0.234862804,0.965866327,1.03E-07,0.27717039,0.938565135,-0.030716699,0.320171595,0.875278711,-0.046695381,0.319108665,0.834648669,-0.060817506,0.291273504,0.82289654,-0.074243873,0.290911734,0.701480865,-0.026809692,0.293965071,0.61260289,-0.052977871,0.292372614,0.554452062,-0.067502499,0.291012496,0.49832204,-0.07729838,0.2459113,0.688374758,-0.026215833,0.244970858,0.672664523,-0.069634251,0.253164023,0.771046102,-0.080689527,0.261654794,0.831417799,-0.076372609,0.204931438,0.703336656,-0.029154623,0.206959009,0.747794449,-0.070522539,0.222412542,0.838194013,-0.069858797,0.235556349,0.878978133,-0.057656538,0.168151513,0.736733139,-0.034926955,0.173379272,0.799625516,-0.06235195,0.192053944,0.87205112,-0.062781401,0.208392531,0.896976054,-0.055264581
pointing,93,-1,0.990689337,0.231793433,0.964558959,1.39E-07,0.275164485,0.931401372,-0.029650798,0.318162411,0.867467642,-0.046318419,0.315641642,0.829299927,-0.061436914,0.285767853,0.825417936,-0.075940676,0.286289752,0.694851458,-0.027485209,0.289740145,0.607189596,-0.054249901,0.288649678,0.547675788,-0.069427148,0.287383169,0.489908904,-0.079912633,0.240621045,0.683313966,-0.028359724,0.241341412,0.670499861,-0.071245909,0.251812011,0.766424239,-0.082704045,0.260877132,0.824097514,-0.079253562,0.199443996,0.700673699,-0.03256676,0.205570415,0.750978708,-0.073382899,0.222182378,0.840336442,-0.072622366,0.234633952,0.877848864,-0.060712919,0.162677795,0.737093568,-0.039645337,0.171741441,0.805828512,-0.065957062,0.191721499,0.874887586,-0.065828726,0.207478732,0.895366669,-0.058286525
pointing,94,-1,0.988427341,0.231714204,0.970155656,1.33E-07,0.274931878,0.937003851,-0.029135751,0.318060696,0.873218477,-0.045018274,0.318083495,0.834310651,-0.059459832,0.292329401,0.824892998,-0.072995119,0.290234357,0.702855349,-0.025139857,0.293129772,0.61474967,-0.05052365,0.292609394,0.55505693,-0.064084716,0.29175666,0.497360706,-0.073446989,0.244979769,0.687222958,-0.025602158,0.24698028,0.672412992,-0.066265784,0.257175684,0.768517852,-0.075697936,0.265446246,0.822657764,-0.071024179,0.203821868,0.700767577,-0.029597862,0.211217374,0.750857592,-0.069249302,0.226672262,0.84009707,-0.067593083,0.237984762,0.87419194,-0.055298615,0.166435331,0.732724011,-0.036445517,0.175960019,0.799977362,-0.062141564,0.195012629,0.869765103,-0.061756063,0.209898308,0.889017224,-0.054209024
pointing,95,-1,0.988666177,0.240093037,0.943541884,9.15E-08,0.283145219,0.919735789,-0.028566748,0.324123204,0.863735259,-0.043887023,0.328669667,0.818188906,-0.057775404,0.305943012,0.78807503,-0.070423372,0.299456209,0.678598464,-0.024629064,0.303892672,0.590871155,-0.049385272,0.303743482,0.531094432,-0.062887914,0.303332239,0.474851727,-0.071895361,0.254636407,0.657508194,-0.024385249,0.256942391,0.651714087,-0.064266071,0.264542818,0.744782269,-0.074270666,0.270740598,0.803006351,-0.069923833,0.212943941,0.670768559,-0.027488835,0.217771873,0.733444512,-0.064402871,0.230491236,0.815574288,-0.063331477,0.240801305,0.849357724,-0.052118454,0.176303372,0.703414798,-0.033570629,0.182895407,0.781023145,-0.05676496,0.199505657,0.846801937,-0.056830999,0.213647828,0.865473211,-0.049855795
pointing,96,-1,0.984551966,0.232539818,0.90986675,1.50E-07,0.27333644,0.885255754,-0.032907289,0.311570168,0.839958429,-0.054368135,0.324846804,0.80019474,-0.074104451,0.309917003,0.766630709,-0.091866896,0.293937117,0.650551617,-0.035139181,0.296963125,0.558506846,-0.064198814,0.295904964,0.496096075,-0.080377258,0.293411404,0.435903132,-0.091447212,0.248259887,0.632462442,-0.035096969,0.252007276,0.623052001,-0.076416671,0.261388749,0.713939428,-0.086190231,0.267445326,0.76131475,-0.082930043,0.206148297,0.646422148,-0.038717087,0.216135502,0.707221866,-0.076081097,0.229501694,0.786555171,-0.072034962,0.237358987,0.809521079,-0.059955221,0.169849411,0.679171205,-0.045989059,0.182137415,0.751128316,-0.068408333,0.198233977,0.811762929,-0.065746613,0.208522707,0.821486294,-0.057695404
pointing,97,-1,0.995656073,0.232454926,0.849202633,1.20E-08,0.276677102,0.828658044,-0.020282008,0.324681342,0.780091643,-0.03450834,0.315809101,0.732055187,-0.048283745,0.281406403,0.707588077,-0.061862342,0.311396301,0.608329415,-0.022728818,0.327603906,0.535679042,-0.043480728,0.336697191,0.484663725,-0.055959895,0.344051421,0.433100402,-0.065859675,0.269277126,0.575173259,-0.026471382,0.282933116,0.623179257,-0.057727545,0.27727589,0.711228788,-0.067967713,0.26896733,0.73976934,-0.068565495,0.230442733,0.586380482,-0.031902105,0.24382104,0.671613872,-0.063771829,0.245202377,0.745878935,-0.063316599,0.242644057,0.754171968,-0.05639058,0.192914248,0.616693318,-0.039080698,0.208848387,0.702958167,-0.060382094,0.218297556,0.763896167,-0.058655083,0.220481366,0.767173409,-0.052325811
pointing,98,-1,0.994233966,0.22896874,0.870470643,2.25E-08,0.274296105,0.854018033,-0.020782905,0.324951917,0.808660388,-0.034877095,0.31484136,0.760970175,-0.048423376,0.280807525,0.735063434,-0.06168054,0.315704286,0.62967211,-0.01954399,0.333560139,0.557861984,-0.039465867,0.344065577,0.505919576,-0.051504139,0.35187602,0.453555167,-0.06124739,0.274291664,0.592381597,-0.023088824,0.287537038,0.636990249,-0.053844497,0.280611604,0.727689862,-0.064436041,0.270211935,0.757701635,-0.065014705,0.235151589,0.599228442,-0.028578768,0.246642441,0.68732959,-0.060907707,0.245995224,0.764589489,-0.061382122,0.2419568,0.771259546,-0.054758977,0.195754737,0.626203001,-0.035796728,0.210233733,0.715658844,-0.057211392,0.218622446,0.780886889,-0.055794667,0.219976366,0.784918487,-0.049594998
pointing,99,-1,0.997561574,0.204752088,0.855219364,5.91E-08,0.248506948,0.848261476,-0.017876467,0.300414622,0.817014933,-0.031394366,0.310722768,0.758368313,-0.045123897,0.283978343,0.714987278,-0.058773853,0.302729756,0.65250355,-0.009977826,0.323404104,0.620941997,-0.031165536,0.34082073,0.59416157,-0.044779036,0.35617125,0.570971727,-0.053361751,0.26906231,0.61311233,-0.014071005,0.290019125,0.629447758,-0.045224883,0.273928553,0.724023402,-0.052164599,0.259037852,0.764202654,-0.04795415,0.231997281,0.604086637,-0.020919772,0.249520794,0.653098643,-0.056925632,0.236266062,0.742766917,-0.052293532,0.22310321,0.77182126,-0.038865693,0.190649971,0.613898635,-0.028795388,0.211045802,0.653227985,-0.052911412,0.207493052,0.725467801,-0.046550475,0.198393807,0.749031901,-0.035088912
pointing,100,-1,0.987909496,0.205332756,0.823183775,4.54E-08,0.250989497,0.809295416,-0.026863459,0.295510888,0.766599596,-0.041773587,0.290861338,0.724196494,-0.05478565,0.274435431,0.687865794,-0.067303538,0.301739126,0.590533614,-0.027330149,0.315856338,0.50545007,-0.048898723,0.322518349,0.44391191,-0.062173303,0.325698793,0.387781203,-0.071617529,0.261264801,0.55900228,-0.026581421,0.257557094,0.567601383,-0.058145758,0.252707958,0.658757925,-0.06530489,0.250857353,0.704486012,-0.062401146,0.219518363,0.559377074,-0.028506624,0.21338442,0.605561137,-0.060517792,0.214759454,0.689009428,-0.056528028,0.217120916,0.718796194,-0.045934893,0.177120119,0.576718569,-0.032937482,0.176776588,0.625785947,-0.055488512,0.183214113,0.699919045,-0.050962601,0.188855782,0.727203727,-0.041177195
pointing,101,-1,0.990627944,0.237338334,0.804005206,5.33E-08,0.280689955,0.784471869,-0.033283699,0.32161364,0.731488764,-0.052882899,0.311480075,0.682157636,-0.069699749,0.286942929,0.643549562,-0.085567035,0.31302458,0.560360253,-0.035315908,0.31707868,0.4590137,-0.062365629,0.314926773,0.391469538,-0.078868441,0.310101837,0.332045615,-0.090050146,0.270886242,0.549232781,-0.032484211,0.266340435,0.530040026,-0.069955036,0.266347647,0.627939105,-0.077164553,0.271871716,0.674852192,-0.073474005,0.231433421,0.557091415,-0.033061966,0.221320361,0.56134814,-0.070779808,0.229270801,0.654595375,-0.06295485,0.239791423,0.694378376,-0.048429109,0.192171052,0.5764817,-0.036494855,0.186089993,0.588183343,-0.063344344,0.197017014,0.664674938,-0.05663766,0.208822563,0.697010219,-0.044528056
pointing,102,-1,0.989835382,0.25178948,0.823406935,4.08E-08,0.295153052,0.798137665,-0.033766914,0.332686126,0.737459004,-0.053099785,0.31895414,0.690935254,-0.069535129,0.289809793,0.656143069,-0.084702469,0.317149013,0.564214706,-0.036009993,0.318803996,0.458673686,-0.063552789,0.313144386,0.392492235,-0.079802521,0.303322673,0.334918588,-0.090444893,0.275312006,0.55684948,-0.03317089,0.267388642,0.543879211,-0.068746671,0.273329526,0.638384879,-0.074834876,0.281301677,0.676816642,-0.071203142,0.235905007,0.571153343,-0.034000978,0.22470656,0.583710194,-0.069678694,0.238545388,0.673889577,-0.060942285,0.25084427,0.704242885,-0.046797566,0.197179079,0.597550333,-0.037955828,0.192137271,0.615860283,-0.062007733,0.20747377,0.688361347,-0.053826608,0.219896823,0.713615358,-0.041460067
pointing,103,-1,0.989065468,0.25892657,0.839413047,1.14E-08,0.303211063,0.817825735,-0.031666365,0.340380669,0.754653096,-0.049578302,0.327450216,0.703489244,-0.065404609,0.295415848,0.666505694,-0.080709569,0.327430606,0.589972556,-0.03352347,0.331129313,0.483501524,-0.061153971,0.327108502,0.415437937,-0.078433804,0.319485724,0.356056809,-0.089841038,0.287253827,0.584609747,-0.031873304,0.279074758,0.557446003,-0.070381753,0.2826038,0.647347987,-0.079738617,0.290353209,0.692929208,-0.077592224,0.248389214,0.598353982,-0.033406965,0.237382218,0.59075886,-0.071662247,0.248356372,0.677068889,-0.064399481,0.260172486,0.715349436,-0.05011062,0.210503608,0.623562098,-0.037543453,0.205894276,0.613188922,-0.063974291,0.219212219,0.681385398,-0.055650987,0.231648579,0.715295672,-0.04237622
pointing,104,-1,0.993757427,0.246944934,0.842262924,-6.70E-10,0.294002742,0.833244562,-0.018741416,0.342298269,0.777005613,-0.028334761,0.343383968,0.714764118,-0.038057834,0.322586179,0.667396367,-0.048530106,0.344608873,0.60429275,-0.017289735,0.370057821,0.520733178,-0.035479579,0.385960877,0.466392636,-0.048146613,0.398332417,0.416940689,-0.057073504,0.306492001,0.575594842,-0.019560618,0.31164968,0.580605149,-0.048518214,0.303463459,0.661792338,-0.057768408,0.297509283,0.712462604,-0.057590928,0.265921831,0.576550782,-0.02354205,0.27064383,0.603295267,-0.055665791,0.266527295,0.686574697,-0.053175889,0.262949854,0.732133389,-0.043610197,0.223221526,0.592240334,-0.028911434,0.231952772,0.611917973,-0.0528467,0.236108989,0.688815773,-0.048118941,0.238404065,0.73521179,-0.038047042
